algorithm,parameters,requested_k,n_records,n_clusters,silhouette,davies_bouldin,calinski_harabasz,ari,nmi,ami,fowlkes_mallows,homogeneity,completeness,v_measure,purity,base_id,dimension,seed,covariance
KMeans,"base_id=0,k=2,dimension=5,seed=42.0,covariance=None",2,2500,2,0.8264262802538963,0.35393394286155666,153.01838364327142,0.4984469116037456,0.3709361204065082,0.3702454332044394,0.998397116931514,0.30463533358162126,0.4741245040436679,0.3709361204065082,0.9984,0,5,42.0,
KMeans,"base_id=1,k=2,dimension=5,seed=43.0,covariance=None",2,2500,2,0.14443799213140954,2.1645630969622527,108.85622676315015,-0.0035780708977594614,0.001127979745995542,-0.00023281527306559275,0.9231286694143453,0.011269641806031834,0.0005937017092160343,0.0011279797459955421,0.998,1,5,43.0,
KMeans,"base_id=2,k=2,dimension=5,seed=44.0,covariance=None",2,2500,2,0.8264262802538963,0.35393394286155666,153.01838364327142,0.4984469116037456,0.3709361204065082,0.3702454332044394,0.998397116931514,0.30463533358162126,0.4741245040436679,0.3709361204065082,0.9984,2,5,44.0,
KMeans,"base_id=3,k=2,dimension=5,seed=45.0,covariance=None",2,2500,2,0.8264262802538963,0.35393394286155666,153.01838364327142,0.4984469116037456,0.3709361204065082,0.3702454332044394,0.998397116931514,0.30463533358162126,0.4741245040436679,0.3709361204065082,0.9984,3,5,45.0,
KMeans,"base_id=4,k=2,dimension=5,seed=46.0,covariance=None",2,2500,2,0.8264262802538963,0.35393394286155666,153.01838364327142,0.4984469116037456,0.3709361204065082,0.3702454332044394,0.998397116931514,0.30463533358162126,0.4741245040436679,0.3709361204065082,0.9984,4,5,46.0,
KMeans,"base_id=5,k=3,dimension=5,seed=42.0,covariance=None",3,2500,3,0.04574033854832898,3.0401285065033914,127.32920089110428,0.0026410400138569103,0.014382677481879222,0.01368364398991971,0.718243108602411,0.34783795110269733,0.007343153997602192,0.014382677481879222,0.9984,5,5,42.0,
KMeans,"base_id=6,k=3,dimension=5,seed=43.0,covariance=None",3,2500,3,0.0497343672968848,3.132188046081095,126.88095437051584,0.0032737735736970835,0.01255043091759896,0.011871704764332296,0.7067776523522283,0.310872332618595,0.0064044955039343045,0.01255043091759896,0.9984,6,5,43.0,
KMeans,"base_id=7,k=3,dimension=5,seed=44.0,covariance=None",3,2500,3,0.14915417571789197,1.5523129012008603,137.9509460718563,0.016136332343786162,0.030207241001797544,0.028841873479895478,0.9235227891017412,0.31140276283799034,0.015873515919548498,0.030207241001797544,0.9984,7,5,44.0,
KMeans,"base_id=8,k=3,dimension=5,seed=45.0,covariance=None",3,2500,3,0.14915417571789197,1.5523129012008603,137.9509460718563,0.016136332343786162,0.030207241001797544,0.028841873479895478,0.9235227891017412,0.31140276283799034,0.015873515919548498,0.030207241001797544,0.9984,8,5,45.0,
KMeans,"base_id=9,k=3,dimension=5,seed=46.0,covariance=None",3,2500,3,0.14915417571789197,1.5523129012008603,137.9509460718563,0.016136332343786162,0.030207241001797544,0.028841873479895478,0.9235227891017412,0.31140276283799034,0.015873515919548498,0.030207241001797544,0.9984,9,5,46.0,
KMeans,"base_id=10,k=4,dimension=5,seed=42.0,covariance=None",4,2500,4,0.05900155224280712,2.7322517513939757,127.1535208307278,0.0017454712567716495,0.011151388557936884,0.010196256662177758,0.6616174818457543,0.35795397402652224,0.00566391869142313,0.011151388557936884,0.9984,10,5,42.0,
KMeans,"base_id=11,k=4,dimension=5,seed=43.0,covariance=None",4,2500,4,0.059172644918206216,2.7353673715248195,127.14112253092837,0.0017568842358417242,0.011155697323134704,0.010201538376947768,0.6610782458084854,0.35839808889793895,0.00566603066515792,0.011155697323134704,0.9984,11,5,43.0,
KMeans,"base_id=12,k=4,dimension=5,seed=44.0,covariance=None",4,2500,4,0.059201403770010916,2.735780519602735,127.13960572996002,0.0017585566413980864,0.011156352413762803,0.010202328983328107,0.6610031211647207,0.35846172790145936,0.005666352744568114,0.011156352413762803,0.9984,12,5,44.0,
KMeans,"base_id=13,k=4,dimension=5,seed=45.0,covariance=None",4,2500,4,0.05898008621473026,2.7325851084959374,127.143370487935,0.0017454712567716495,0.011151388557936884,0.010196256662177756,0.6616174818457543,0.35795397402652224,0.005663918691423129,0.011151388557936884,0.9984,13,5,45.0,
KMeans,"base_id=14,k=4,dimension=5,seed=46.0,covariance=None",4,2500,4,0.05915217108861239,2.7329870529132556,127.15617081912184,0.001748679631309908,0.01115257017297809,0.010197720613222435,0.661461029721599,0.35808062220197523,0.005664496640480828,0.011152570172978089,0.9984,14,5,46.0,
KMeans,"base_id=15,k=5,dimension=5,seed=42.0,covariance=None",5,2500,5,0.045505656981969594,2.7794813055798735,115.57238067092959,0.0012759514556314197,0.007879581983657732,0.006787787382809954,0.5566278236125553,0.34734256122246226,0.003984991422357923,0.00787958198365773,0.9984,15,5,42.0,
KMeans,"base_id=16,k=5,dimension=5,seed=43.0,covariance=None",5,2500,5,0.04561973636404896,2.782329484368476,115.58978976635947,0.0012688215224904422,0.007870958897358915,0.006779633879506059,0.5561489342509048,0.34722692073014155,0.003980595628777521,0.007870958897358915,0.9984,16,5,43.0,
KMeans,"base_id=17,k=5,dimension=5,seed=44.0,covariance=None",5,2500,5,0.045425110727719,2.7809993036916927,115.56051296487162,0.0012836429778651688,0.007886827509797188,0.006795091339626077,0.5566491759821219,0.34762207881659724,0.003988660997812353,0.007886827509797186,0.9984,17,5,44.0,
KMeans,"base_id=18,k=5,dimension=5,seed=45.0,covariance=None",5,2500,5,0.045481975428786695,2.7804812258334435,115.56850856332476,0.001276959675235231,0.007880290807392987,0.00678857098286421,0.5565718078296837,0.34739776359271407,0.00398534674726875,0.00788029080739299,0.9984,18,5,45.0,
KMeans,"base_id=19,k=5,dimension=5,seed=46.0,covariance=None",5,2500,5,0.045481975428786695,2.7804812258334435,115.56850856332476,0.001276959675235231,0.00788029080739299,0.006788570982864211,0.5565718078296837,0.34739776359271407,0.00398534674726875,0.00788029080739299,0.9984,19,5,46.0,
KMeans,"base_id=20,k=6,dimension=5,seed=42.0,covariance=None",6,2500,6,0.04424107977138195,3.07166824403669,99.83413769060873,0.00132077676025098,0.007419711899546802,0.00619046508201914,0.5117236071272262,0.37877769250394455,0.0037465507282287143,0.0074197118995468015,0.9984,20,5,42.0,
KMeans,"base_id=21,k=6,dimension=5,seed=43.0,covariance=None",6,2500,6,0.04421463742521513,3.066114790221294,99.83885928631635,0.0013273516620636802,0.007427430664697438,0.006197876019359295,0.5123673146261459,0.37879053744313573,0.0037504856171455977,0.007427430664697438,0.9984,21,5,43.0,
KMeans,"base_id=22,k=6,dimension=5,seed=44.0,covariance=None",6,2500,6,0.044258003755519595,3.0670243727797484,99.83992887064969,0.0013302155306544323,0.0074309792730263904,0.006201220828266384,0.5125890187002179,0.37886420597738835,0.0037522880117647132,0.00743097927302639,0.9984,22,5,44.0,
KMeans,"base_id=23,k=6,dimension=5,seed=45.0,covariance=None",6,2500,6,0.04432143735613627,3.071780629562303,99.83946241625364,0.0012828344662698002,0.007372246178071529,0.006144152630669197,0.5105776606083029,0.37690426981916964,0.003722529420149528,0.007372246178071529,0.9984,23,5,45.0,
KMeans,"base_id=24,k=6,dimension=5,seed=46.0,covariance=None",6,2500,6,0.044007168764966666,3.0947698428157255,99.77700700724405,0.0012733141491001383,0.007365681008374793,0.006136856842572458,0.5080046571966337,0.37856114730332385,0.0037190210831467185,0.007365681008374792,0.9984,24,5,46.0,
KMeans,"base_id=25,k=7,dimension=5,seed=42.0,covariance=None",7,2500,7,0.03811152329034411,3.224139342033692,90.99970698593559,0.0009380116631352688,0.00674908835727462,0.0054350576775044415,0.44895444821850944,0.39590945619831663,0.003403554460436153,0.006749088357274619,0.9984,25,5,42.0,
KMeans,"base_id=26,k=7,dimension=5,seed=43.0,covariance=None",7,2500,7,0.036954520640025836,3.253665459185472,90.67351272889974,0.0009259519458048607,0.0067288751700980386,0.005411515182622554,0.44622711578099244,0.3970192847507207,0.0033931923186568762,0.006728875170098039,0.9984,26,5,43.0,
KMeans,"base_id=27,k=7,dimension=5,seed=44.0,covariance=None",7,2500,7,0.03718995332938471,3.245498260329707,90.79930406518999,0.0009314710672623894,0.006737090294835254,0.005420490939047259,0.4470230444530394,0.3968743782221792,0.0033973810513774926,0.006737090294835253,0.9984,27,5,44.0,
KMeans,"base_id=28,k=7,dimension=5,seed=45.0,covariance=None",7,2500,7,0.03774835091527343,3.23703795296529,90.91268794807701,0.0009264253392991818,0.006731793949441865,0.00541613413522828,0.4474754453146951,0.39610017327599717,0.0033947441192868034,0.006731793949441865,0.9984,28,5,45.0,
KMeans,"base_id=29,k=7,dimension=5,seed=46.0,covariance=None",7,2500,7,0.03815145373191152,3.2236604000284883,91.0015064667472,0.0009418598865484219,0.00675456944716027,0.00544049761797804,0.4490997494856584,0.39615230064220225,0.003406324381506063,0.00675456944716027,0.9984,29,5,46.0,
KMeans,"base_id=30,k=8,dimension=5,seed=42.0,covariance=None",8,2500,8,0.028508300836206226,3.443136561320712,81.17399493080084,0.0007903961476555443,0.006471551754854078,0.005059654156599968,0.4102170423228438,0.4190483341563143,0.003260956082595148,0.0064715517548540775,0.9984,30,5,42.0,
KMeans,"base_id=31,k=8,dimension=5,seed=43.0,covariance=None",8,2500,8,0.02873066728021269,3.4539424807780126,81.31569285649756,0.0007582293608992316,0.006411206518065165,0.004998982250214148,0.40879096324147385,0.41599665634753286,0.0032304969484123207,0.006411206518065165,0.9984,31,5,43.0,
KMeans,"base_id=32,k=8,dimension=5,seed=44.0,covariance=None",8,2500,8,0.027948821263261082,3.4559647177076114,81.13830325437674,0.0007965520304497277,0.0064822201020930245,0.0050706005499490505,0.41048608276474563,0.4195308810507868,0.0032663443832227916,0.006482220102093024,0.9984,32,5,44.0,
KMeans,"base_id=33,k=8,dimension=5,seed=45.0,covariance=None",8,2500,8,0.02868559691745231,3.456291373628591,81.30445322989095,0.0007626367884861583,0.006418877539480108,0.0050066664672690385,0.4090373721045513,0.41635460989278905,0.0032343706773034675,0.006418877539480107,0.9984,33,5,45.0,
KMeans,"base_id=34,k=8,dimension=5,seed=46.0,covariance=None",8,2500,8,0.028484254523139265,3.4503416465848025,81.3110689572351,0.000777962120356212,0.006448078323129091,0.005036035107517375,0.40966313270638094,0.41786739299446707,0.0032491075207199908,0.00644807832312909,0.9984,34,5,46.0,
KMeans,"base_id=35,k=2,dimension=10,seed=42.0,covariance=None",2,2500,2,0.04986294814746614,4.43446635126494,90.15682489286468,-5.8259516627734935e-06,7.766717891424649e-09,-0.0006820764881579168,0.7193133149412182,1.851241860359281e-07,3.9665657868162736e-09,7.766717891424649e-09,0.998,35,10,42.0,
KMeans,"base_id=36,k=2,dimension=10,seed=43.0,covariance=None",2,2500,2,0.8264262802538963,0.35393394286155666,153.01838364327142,0.4984469116037456,0.3709361204065082,0.3702454332044394,0.998397116931514,0.30463533358162126,0.4741245040436679,0.3709361204065082,0.9984,36,10,43.0,
KMeans,"base_id=37,k=2,dimension=10,seed=44.0,covariance=None",2,2500,2,0.8264262802538963,0.35393394286155666,153.01838364327142,0.4984469116037456,0.3709361204065082,0.3702454332044394,0.998397116931514,0.30463533358162126,0.4741245040436679,0.3709361204065082,0.9984,37,10,44.0,
KMeans,"base_id=38,k=2,dimension=10,seed=45.0,covariance=None",2,2500,2,0.1841193647140469,2.2911959115768257,110.23852241695785,0.014487789715560192,0.005386995036367228,0.004038421603016475,0.9234892160001964,0.05437291775993089,0.002833880843819312,0.005386995036367228,0.998,38,10,45.0,
KMeans,"base_id=39,k=2,dimension=10,seed=46.0,covariance=None",2,2500,2,0.1841193647140469,2.2911959115768257,110.23852241695785,0.014487789715560192,0.005386995036367228,0.004038421603016475,0.9234892160001964,0.05437291775993089,0.002833880843819312,0.005386995036367228,0.998,39,10,46.0,
KMeans,"base_id=40,k=3,dimension=10,seed=42.0,covariance=None",3,2500,3,0.04484040473728832,3.0782268580453676,127.0494700521545,0.002758265073800832,0.014368849442466922,0.013684517577778322,0.7103757032231249,0.35321909256582806,0.007333588846598644,0.014368849442466922,0.9984,40,10,42.0,
KMeans,"base_id=41,k=3,dimension=10,seed=43.0,covariance=None",3,2500,3,0.044057337166578864,3.0310829309907086,127.27189314430926,0.0026339199399941773,0.014395165223028018,0.013693476454910812,0.7196437883523835,0.34711273514297303,0.007349988866615491,0.014395165223028018,0.9984,41,10,43.0,
KMeans,"base_id=42,k=3,dimension=10,seed=44.0,covariance=None",3,2500,3,0.05178386518280017,3.1094836912362704,127.60710466838003,0.0031061472667209067,0.012440702427066599,0.01175998831747267,0.7077766661703173,0.3075028670161365,0.006348778079316166,0.0124407024270666,0.9984,42,10,44.0,
KMeans,"base_id=43,k=3,dimension=10,seed=45.0,covariance=None",3,2500,3,0.14915417571789197,1.5523129012008603,137.9509460718563,0.016136332343786162,0.030207241001797544,0.028841873479895478,0.9235227891017412,0.31140276283799034,0.015873515919548498,0.030207241001797544,0.9984,43,10,45.0,
KMeans,"base_id=44,k=3,dimension=10,seed=46.0,covariance=None",3,2500,3,0.14915417571789197,1.5523129012008603,137.9509460718563,0.016136332343786162,0.030207241001797544,0.028841873479895478,0.9235227891017412,0.31140276283799034,0.015873515919548498,0.030207241001797544,0.9984,44,10,46.0,
KMeans,"base_id=45,k=4,dimension=10,seed=42.0,covariance=None",4,2500,4,0.058437451340924595,2.727648130268301,127.24093698541873,0.0017391804683146068,0.011149144129370228,0.010193437102181103,0.6619361019086932,0.35770125473452313,0.005662823978651842,0.011149144129370228,0.9984,45,10,42.0,
KMeans,"base_id=46,k=4,dimension=10,seed=43.0,covariance=None",4,2500,4,0.058437451340924595,2.7276481302683004,127.24093698541871,0.0017391804683146068,0.011149144129370228,0.010193437102181103,0.6619361019086932,0.35770125473452313,0.005662823978651842,0.011149144129370228,0.9984,46,10,43.0,
KMeans,"base_id=47,k=4,dimension=10,seed=44.0,covariance=None",4,2500,4,0.05891312556075044,2.729618769439454,127.2466054045888,0.0017470701960877674,0.011151974417288962,0.010196984124988963,0.6615390174828409,0.3580172740090945,0.005664205117599542,0.01115197441728896,0.9984,47,10,44.0,
KMeans,"base_id=48,k=4,dimension=10,seed=45.0,covariance=None",4,2500,4,0.05891312556075044,2.729618769439454,127.2466054045888,0.0017470701960877674,0.011151974417288962,0.010196984124988963,0.6615390174828409,0.3580172740090945,0.005664205117599542,0.01115197441728896,0.9984,48,10,45.0,
KMeans,"base_id=49,k=4,dimension=10,seed=46.0,covariance=None",4,2500,4,0.05891312556075044,2.729618769439454,127.2466054045888,0.0017470701960877674,0.011151974417288962,0.010196984124988963,0.6615390174828409,0.3580172740090945,0.005664205117599542,0.01115197441728896,0.9984,49,10,46.0,
KMeans,"base_id=50,k=5,dimension=10,seed=42.0,covariance=None",5,2500,5,0.04319547639123999,2.785637347794978,116.12895496649436,0.0012180232491519625,0.007811392594915086,0.006723142866203485,0.5530167542337461,0.346308037428498,0.003950247580365201,0.0078113925949150845,0.9984,50,10,42.0,
KMeans,"base_id=51,k=5,dimension=10,seed=43.0,covariance=None",5,2500,5,0.04271769655097253,2.7887587267970155,116.15167104999314,0.0012011662056917705,0.007795029140344838,0.006706790952615292,0.5528665198104267,0.3457118019252687,0.003941955719611341,0.0077950291403448375,0.9984,51,10,43.0,
KMeans,"base_id=52,k=5,dimension=10,seed=44.0,covariance=None",5,2500,5,0.042713745509089907,2.7883378175654974,116.16196678545273,0.0012022363142027903,0.007796513298907577,0.0067081276670051,0.5530025406992168,0.34570876624351893,0.003942715214882504,0.0077965132989075755,0.9984,52,10,44.0,
KMeans,"base_id=53,k=5,dimension=10,seed=45.0,covariance=None",5,2500,5,0.04278516194038197,2.7893218366200787,116.15788010901495,0.0012080830105395941,0.007802116240238858,0.006713760043207105,0.5530263605556344,0.345925633377372,0.0039455527428964715,0.007802116240238857,0.9984,53,10,45.0,
KMeans,"base_id=54,k=5,dimension=10,seed=46.0,covariance=None",5,2500,5,0.042713745509089907,2.7883378175654974,116.16196678545272,0.0012022363142027903,0.007796513298907577,0.0067081276670051,0.5530025406992168,0.34570876624351893,0.003942715214882504,0.0077965132989075755,0.9984,54,10,46.0,
KMeans,"base_id=55,k=6,dimension=10,seed=42.0,covariance=None",6,2500,6,0.05184280974960537,2.6040944552067375,114.84968630711329,0.0011902292922027825,0.0076154533512498325,0.006469564887136503,0.5497199572587455,0.34744823983023393,0.0038499183901674395,0.007615453351249832,0.9984,55,10,42.0,
KMeans,"base_id=56,k=6,dimension=10,seed=43.0,covariance=None",6,2500,6,0.05161825340933452,2.605053140927073,114.83689012810096,0.0011623701421069716,0.0075869768984393945,0.006441312357244412,0.5490504158289476,0.3466214807874504,0.0038354644690779755,0.0075869768984393945,0.9984,56,10,43.0,
KMeans,"base_id=57,k=6,dimension=10,seed=44.0,covariance=None",6,2500,6,0.05069560696522356,2.628304001820726,112.73474344727015,0.002027335930851961,0.008796108382586132,0.007640131259727597,0.5484427001150608,0.40482082603246394,0.004446360336771782,0.008796108382586132,0.9984,57,10,44.0,
KMeans,"base_id=58,k=6,dimension=10,seed=45.0,covariance=None",6,2500,6,0.05130258899848975,2.6061801926403523,114.55524874401183,0.0011610192914148628,0.007575929770182733,0.006427229441131308,0.5487022840929784,0.34678585889427616,0.003829798022324276,0.007575929770182733,0.9984,58,10,45.0,
KMeans,"base_id=59,k=6,dimension=10,seed=46.0,covariance=None",6,2500,6,0.05156198823395909,2.60610591005777,114.55140243581482,0.001158103846722058,0.007573158622386956,0.006424444162005926,0.5486894018106135,0.34667573792380874,0.0038283951065308784,0.007573158622386957,0.9984,59,10,46.0,
KMeans,"base_id=60,k=7,dimension=10,seed=42.0,covariance=None",7,2500,7,0.049504616982266283,2.6162909476216423,100.90532756463914,0.0008032326218152205,0.006776233772923458,0.005501933090884289,0.4959343738014638,0.3619508244533592,0.0034201317496755377,0.006776233772923458,0.9984,60,10,42.0,
KMeans,"base_id=61,k=7,dimension=10,seed=43.0,covariance=None",7,2500,7,0.04701835074762294,2.641374485132041,100.61140998076688,0.0015150549624177584,0.00785324125016581,0.006577240141286076,0.49496264951326163,0.4211432370067329,0.00396357588747644,0.00785324125016581,0.9984,61,10,43.0,
KMeans,"base_id=62,k=7,dimension=10,seed=44.0,covariance=None",7,2500,7,0.046791777557896666,2.6274304633919257,100.7122240044744,0.0007973929522939576,0.006774153494010256,0.005501827553221373,0.49454809859042675,0.3624147105760712,0.0034190305238432773,0.006774153494010255,0.9984,62,10,44.0,
KMeans,"base_id=63,k=7,dimension=10,seed=45.0,covariance=None",7,2500,7,0.047376287317641444,2.6459882739650302,100.75260762263368,0.0008121662638971457,0.006800968009021757,0.005528693277301716,0.4942203986939005,0.3640749581179191,0.003432544192560944,0.0068009680090217565,0.9984,63,10,45.0,
KMeans,"base_id=64,k=7,dimension=10,seed=46.0,covariance=None",7,2500,7,0.045774885787436145,2.647338886022236,100.73001357427387,0.000753222374976605,0.006722386822839298,0.005452813467819123,0.48955105465359006,0.3623015490058799,0.0033926683374704133,0.006722386822839297,0.9984,64,10,46.0,
KMeans,"base_id=65,k=8,dimension=10,seed=42.0,covariance=None",8,2500,8,0.05148482330706491,2.4687887765654413,95.22456653015288,0.0015115804694642715,0.007748282614730832,0.006436060105814211,0.49481847194479567,0.4217015265009032,0.003910062770154368,0.00774828261473083,0.9984,65,10,42.0,
KMeans,"base_id=66,k=8,dimension=10,seed=43.0,covariance=None",8,2500,8,0.044727580311200166,2.8735523605160247,92.83733894859274,0.0005060817280258866,0.007004421220508118,0.0056451048659365965,0.4447891335244849,0.42120139899316267,0.0035315749937618675,0.007004421220508117,0.9984,66,10,43.0,
KMeans,"base_id=67,k=8,dimension=10,seed=44.0,covariance=None",8,2500,8,0.041755399603534464,2.652528810356551,92.9178099801611,0.0005469859091221526,0.0062265040206769704,0.004849566606367955,0.46156636929475003,0.3681445866942487,0.003139804081788103,0.0062265040206769704,0.9984,67,10,44.0,
KMeans,"base_id=68,k=8,dimension=10,seed=45.0,covariance=None",8,2500,8,0.05188291565020948,2.6028814679157968,95.88933423024851,0.0007923706718955919,0.006697714781677064,0.005393149739229863,0.4864068091357742,0.36788713016515223,0.00337962191314458,0.006697714781677063,0.9984,68,10,45.0,
KMeans,"base_id=69,k=8,dimension=10,seed=46.0,covariance=None",8,2500,8,0.05149345047616131,2.479802354675435,94.97350631487207,0.000792140571668815,0.006709440432700785,0.005408551836884557,0.4907716250906641,0.36532766032311315,0.0033858113463300825,0.006709440432700785,0.9984,69,10,46.0,
KMeans,"base_id=70,k=2,dimension=15,seed=42.0,covariance=None",2,2500,2,0.8251960834824579,1.3577048069349815,135.3575489930429,0.5433661191421807,0.4000525002600245,0.3992004771789046,0.9979944725616796,0.43398436827397285,0.3710419048056697,0.40005250026002454,0.998,70,15,42.0,
KMeans,"base_id=71,k=2,dimension=15,seed=43.0,covariance=None",2,2500,2,0.8264262802538963,0.35393394286155666,153.01838364327142,0.4984469116037456,0.3709361204065082,0.3702454332044394,0.998397116931514,0.30463533358162126,0.4741245040436679,0.3709361204065082,0.9984,71,15,43.0,
KMeans,"base_id=72,k=2,dimension=15,seed=44.0,covariance=None",2,2500,2,0.8264262802538963,0.35393394286155666,153.01838364327142,0.4984469116037456,0.3709361204065082,0.3702454332044394,0.998397116931514,0.30463533358162126,0.4741245040436679,0.3709361204065082,0.9984,72,15,44.0,
KMeans,"base_id=73,k=2,dimension=15,seed=45.0,covariance=None",2,2500,2,0.14443799213140954,2.1645630969622527,108.85622676315015,-0.0035780708977594614,0.001127979745995542,-0.00023281527306559275,0.9231286694143453,0.011269641806031834,0.0005937017092160343,0.0011279797459955421,0.998,73,15,45.0,
KMeans,"base_id=74,k=2,dimension=15,seed=46.0,covariance=None",2,2500,2,0.8264262802538963,0.35393394286155666,153.01838364327142,0.4984469116037456,0.3709361204065082,0.3702454332044394,0.998397116931514,0.30463533358162126,0.4741245040436679,0.3709361204065082,0.9984,74,15,46.0,
KMeans,"base_id=75,k=3,dimension=15,seed=42.0,covariance=None",3,2500,3,0.04307443474470786,3.0674233730061187,127.25439607570245,0.00275269331939247,0.014367273402834503,0.013682581880101298,0.7105697884450298,0.3530399621969335,0.0073328450068718765,0.014367273402834505,0.9984,75,15,42.0,
KMeans,"base_id=76,k=3,dimension=15,seed=43.0,covariance=None",3,2500,3,0.054418749056795473,3.561294675728161,102.06130253865527,0.0013051529579975508,0.0031669437641903757,0.002223618271035691,0.6614922154593387,0.10098742893103503,0.0016086960610496696,0.003166943764190376,0.998,76,15,43.0,
KMeans,"base_id=77,k=3,dimension=15,seed=44.0,covariance=None",3,2500,3,0.05842017982808603,3.0772391823956844,128.61551792066712,0.003150032043308866,0.012504782463528803,0.011816068905341542,0.7121905759655474,0.30634751116612335,0.006382657915619825,0.012504782463528805,0.9984,77,15,44.0,
KMeans,"base_id=78,k=3,dimension=15,seed=45.0,covariance=None",3,2500,3,0.14915417571789197,1.5523129012008603,137.9509460718563,0.016136332343786162,0.030207241001797544,0.028841873479895478,0.9235227891017412,0.31140276283799034,0.015873515919548498,0.030207241001797544,0.9984,78,15,45.0,
KMeans,"base_id=79,k=3,dimension=15,seed=46.0,covariance=None",3,2500,3,0.05764960021886251,3.078495362308797,128.60201620539996,0.003140425880151233,0.012493006269865575,0.011805499643352585,0.7115282048141943,0.3064708836991289,0.006376468600566855,0.012493006269865575,0.9984,79,15,46.0,
KMeans,"base_id=80,k=4,dimension=15,seed=42.0,covariance=None",4,2500,4,0.029791455410568424,3.023136028381682,113.61673493247912,0.0015947504603484276,0.008846343170755399,0.007952378847066862,0.578204565856507,0.34258660365382065,0.004481026589847056,0.008846343170755399,0.9984,80,15,42.0,
KMeans,"base_id=81,k=4,dimension=15,seed=43.0,covariance=None",4,2500,4,0.059331318929378034,2.9496672524071683,120.29924711926259,0.003213995861352756,0.014528939847849755,0.013562554341215375,0.6623583475994704,0.4690333736021915,0.007378753330311155,0.014528939847849755,0.998,81,15,43.0,
KMeans,"base_id=82,k=4,dimension=15,seed=44.0,covariance=None",4,2500,4,0.07393013920565342,2.781124990710259,127.04670913492829,0.002119067924580473,0.009751782255884767,0.008795013355200453,0.6619356526714036,0.31294877946841426,0.004953062197488993,0.00975178225588477,0.9984,82,15,44.0,
KMeans,"base_id=83,k=4,dimension=15,seed=45.0,covariance=None",4,2500,4,0.057561501902631276,2.715812749580853,127.4630507898463,0.0017213162446543238,0.011143362727516542,0.01018584638088962,0.6629375882318155,0.35694767157231266,0.0056600301243005776,0.011143362727516546,0.9984,83,15,45.0,
KMeans,"base_id=84,k=4,dimension=15,seed=46.0,covariance=None",4,2500,4,0.0728731795715712,2.7827646479610073,127.04933514855028,0.0021080624473223688,0.00974024132415299,0.008785643671460924,0.6607069965375465,0.3131791478053706,0.004947050213841325,0.009740241324152988,0.9984,84,15,46.0,
KMeans,"base_id=85,k=5,dimension=15,seed=42.0,covariance=None",5,2500,5,0.042626755117575896,2.785965067077487,116.71614555309922,0.0011317438480772635,0.007710684896939917,0.006628622494867656,0.5470329662263382,0.34491871873276736,0.0038989228104452196,0.007710684896939917,0.9984,85,15,42.0,
KMeans,"base_id=86,k=5,dimension=15,seed=43.0,covariance=None",5,2500,5,0.05488822763058501,2.7089551486720125,118.71149886784,0.000850242754075764,0.008830261795365746,0.007711436761257778,0.5863782068752758,0.36947291863451603,0.004468528966422955,0.008830261795365744,0.9984,86,15,43.0,
KMeans,"base_id=87,k=5,dimension=15,seed=44.0,covariance=None",5,2500,5,0.06061641336995789,2.4665513798461616,133.5533932225368,0.0017052930125843989,0.010975198477331579,0.009986896924561747,0.6605953340428411,0.35763819470660535,0.005573113066533069,0.01097519847733158,0.9984,87,15,44.0,
KMeans,"base_id=88,k=5,dimension=15,seed=45.0,covariance=None",5,2500,5,0.05488822763058501,2.7092051719074695,118.71243645802157,0.0008518565270111968,0.008831090125424858,0.007712388033372057,0.5862959771827719,0.3695456250943152,0.004468942575727945,0.008831090125424858,0.9984,88,15,45.0,
KMeans,"base_id=89,k=5,dimension=15,seed=46.0,covariance=None",5,2500,5,0.05284689961975077,2.7142324238746935,118.62186763489811,0.0008841856246544296,0.008843455056541197,0.007727572958142813,0.5841052627398821,0.3712356587405822,0.004475028869006617,0.008843455056541197,0.9984,89,15,46.0,
KMeans,"base_id=90,k=6,dimension=15,seed=42.0,covariance=None",6,2500,6,0.0537274190438999,2.6979000651226226,110.59512823407515,0.0007489174793110235,0.006825941734580711,0.005603205265324462,0.4919204170088105,0.3596834115175977,0.0034456661706663825,0.006825941734580711,0.9984,90,15,42.0,
KMeans,"base_id=91,k=6,dimension=15,seed=43.0,covariance=None",6,2500,6,0.07265919868087699,2.6134649481037004,117.09671237280098,0.0010393715947048172,0.007476927805215312,0.006305465127612163,0.5751253914078688,0.32744118068300515,0.0037816396673652376,0.007476927805215312,0.9984,91,15,43.0,
KMeans,"base_id=92,k=6,dimension=15,seed=44.0,covariance=None",6,2500,6,0.06492493728124603,2.513177321353548,124.55242640764354,0.000836938060066117,0.008708104436385672,0.0075577801327163345,0.585162291458276,0.36961839516432243,0.004405953727565038,0.008708104436385672,0.9984,92,15,44.0,
KMeans,"base_id=93,k=6,dimension=15,seed=45.0,covariance=None",6,2500,6,0.05199676382582603,2.549967743331854,124.86838492087519,0.00112870957978419,0.007643685272072067,0.006538713560245187,0.5461153071720345,0.34540605996680396,0.003864603631402745,0.007643685272072066,0.9984,93,15,45.0,
KMeans,"base_id=94,k=6,dimension=15,seed=46.0,covariance=None",6,2500,6,0.050917403271446345,2.5570783001243282,124.88839431457308,0.0011010102848876982,0.007613944757470223,0.006510409039631978,0.544729322448694,0.34476245794031224,0.0038494795073961475,0.007613944757470222,0.9984,94,15,46.0,
KMeans,"base_id=95,k=7,dimension=15,seed=42.0,covariance=None",7,2500,7,0.061038281009938175,2.4991242707812384,124.07027770328153,0.0007269511225156877,0.006756300910812922,0.005523086304851593,0.4872009148281225,0.36007988402225244,0.003410143292630013,0.006756300910812923,0.9984,95,15,42.0,
KMeans,"base_id=96,k=7,dimension=15,seed=43.0,covariance=None",7,2500,7,0.06315884425268613,2.5153805629695447,117.84725007033397,0.0008071066966054112,0.006844362205129574,0.005589827481877158,0.5033058809483351,0.3581040553938649,0.003455200335707592,0.0068443622051295745,0.9984,96,15,43.0,
KMeans,"base_id=97,k=7,dimension=15,seed=44.0,covariance=None",7,2500,7,0.04670205493567447,2.5759983867400322,116.69319396051613,0.0006962421607879411,0.006740548524474734,0.005504652850625619,0.48887281899426815,0.35884734364824306,0.0034022277961806924,0.0067405485244747335,0.9984,97,15,44.0,
KMeans,"base_id=98,k=7,dimension=15,seed=45.0,covariance=None",7,2500,7,0.06082747677799946,2.5076475295003178,124.07336265234852,0.0007154259312372094,0.006743853424305498,0.005510614953783663,0.4868396089920383,0.35964731729484806,0.003403839917646773,0.006743853424305497,0.9984,98,15,45.0,
KMeans,"base_id=99,k=7,dimension=15,seed=46.0,covariance=None",7,2500,7,0.06172266183064251,2.565603759197111,112.3715219798552,0.0007119254825616125,0.0066723264383293235,0.005414209128136438,0.48463678968864365,0.3606751701656957,0.0033673100707776807,0.006672326438329324,0.9984,99,15,46.0,
KMeans,"base_id=100,k=8,dimension=15,seed=42.0,covariance=None",8,2500,8,0.0699040598764177,2.4381468202597216,117.90763468831514,0.0005825516421620147,0.006328934582116396,0.00497826757587427,0.4651746472448328,0.3680635182190869,0.0031919100953371063,0.006328934582116396,0.9984,100,15,42.0,
KMeans,"base_id=101,k=8,dimension=15,seed=43.0,covariance=None",8,2500,8,0.07012271167299351,2.4963549131940237,110.8091737038704,0.000594503295724838,0.006334499320989079,0.0049802327557291436,0.46491128728052405,0.36886114858062097,0.0031946809915654843,0.006334499320989078,0.9984,101,15,43.0,
KMeans,"base_id=102,k=8,dimension=15,seed=44.0,covariance=None",8,2500,8,0.07015413399792499,2.4380537719609325,117.93410930850332,0.000584195130872974,0.006332840226481704,0.004981903634634895,0.4653362996626081,0.36825512303747016,0.0031938825251238544,0.006332840226481704,0.9984,102,15,44.0,
KMeans,"base_id=103,k=8,dimension=15,seed=45.0,covariance=None",8,2500,8,0.05888694697478006,2.510054936674008,114.49253481612932,0.0005703716088024088,0.006345533015390457,0.005000202789130777,0.44553878092147875,0.37954707541006144,0.003199512348402873,0.006345533015390456,0.9984,103,15,45.0,
KMeans,"base_id=104,k=8,dimension=15,seed=46.0,covariance=None",8,2500,8,0.06992600893258578,2.4379868193100567,117.9066269700489,0.0005816351372805756,0.006328212770008425,0.004977475728411398,0.4652444312433666,0.36799642712189423,0.0031915479482829343,0.006328212770008424,0.9984,104,15,46.0,
KMeans,"base_id=105,k=2,dimension=20,seed=42.0,covariance=None",2,2500,2,0.057894976477995776,4.483632847093096,92.57905595713943,0.0007430770502970891,0.0015835642686840119,0.0009177418970481827,0.7113572796598154,0.038398465769587116,0.0008084525473553894,0.0015835642686840119,0.998,105,20,42.0,
KMeans,"base_id=106,k=2,dimension=20,seed=43.0,covariance=None",2,2500,2,0.8264262802538963,0.35393394286155666,153.01838364327142,0.4984469116037456,0.3709361204065082,0.3702454332044394,0.998397116931514,0.30463533358162126,0.4741245040436679,0.3709361204065082,0.9984,106,20,43.0,
KMeans,"base_id=107,k=2,dimension=20,seed=44.0,covariance=None",2,2500,2,0.8264262802538963,0.35393394286155666,153.01838364327142,0.4984469116037456,0.3709361204065082,0.3702454332044394,0.998397116931514,0.30463533358162126,0.4741245040436679,0.3709361204065082,0.9984,107,20,44.0,
KMeans,"base_id=108,k=2,dimension=20,seed=45.0,covariance=None",2,2500,2,0.8264262802538963,0.35393394286155666,153.01838364327142,0.4984469116037456,0.3709361204065082,0.3702454332044394,0.998397116931514,0.30463533358162126,0.4741245040436679,0.3709361204065082,0.9984,108,20,45.0,
KMeans,"base_id=109,k=2,dimension=20,seed=46.0,covariance=None",2,2500,2,0.1841193647140469,2.2911959115768257,110.23852241695785,0.014487789715560192,0.005386995036367228,0.004038421603016475,0.9234892160001964,0.05437291775993089,0.002833880843819312,0.005386995036367228,0.998,109,20,46.0,
KMeans,"base_id=110,k=3,dimension=20,seed=42.0,covariance=None",3,2500,3,0.057907433829721695,3.0772547942564663,128.58956341072675,0.003146696001659587,0.012500730921701913,0.011812427261153604,0.7119657911049181,0.3063881724784794,0.006380529230561928,0.012500730921701914,0.9984,110,20,42.0,
KMeans,"base_id=111,k=3,dimension=20,seed=43.0,covariance=None",3,2500,3,0.05983139492337802,3.0742620143790003,128.57557569166082,0.003183100749211931,0.012543504066083757,0.011851077422043853,0.7142185542230172,0.30602668978595227,0.006402975471290589,0.012543504066083757,0.9984,111,20,43.0,
KMeans,"base_id=112,k=3,dimension=20,seed=44.0,covariance=None",3,2500,3,0.05784842932569892,3.0777667632602657,128.58483396566587,0.003147793096129363,0.012502067390149937,0.011813627941315323,0.7120402758840941,0.306374567268156,0.00638123148993549,0.01250206739014994,0.9984,112,20,44.0,
KMeans,"base_id=113,k=3,dimension=20,seed=45.0,covariance=None",3,2500,3,0.05777632690783285,3.077109739609868,128.594194745858,0.003145613808140581,0.012499408481702915,0.01181123976590737,0.7118917500193354,0.30640182912217684,0.006379834264463851,0.012499408481702915,0.9984,113,20,45.0,
KMeans,"base_id=114,k=3,dimension=20,seed=46.0,covariance=None",3,2500,3,0.05846345156166379,3.076276840203692,128.58170355823376,0.003159586695708319,0.012516206500454076,0.011826362653723317,0.7128094958132258,0.30624134509709866,0.0063886567306460995,0.012516206500454076,0.9984,114,20,46.0,
KMeans,"base_id=115,k=4,dimension=20,seed=42.0,covariance=None",4,2500,4,0.03796959489770802,3.0633747355350303,113.63413180347791,0.0014616955368974946,0.008771574741458198,0.007860840831852378,0.5912831043977729,0.3329924349162119,0.0044443227990441465,0.008771574741458196,0.9984,115,20,42.0,
KMeans,"base_id=116,k=4,dimension=20,seed=43.0,covariance=None",4,2500,4,0.06054029239021538,2.7254829722725544,127.45197080758695,0.0017552223250905685,0.011155052116862567,0.01020075678647612,0.6611538480512725,0.358334498548138,0.005665713675852191,0.011155052116862567,0.9984,116,20,43.0,
KMeans,"base_id=117,k=4,dimension=20,seed=44.0,covariance=None",4,2500,4,0.06054029239021538,2.725265549270058,127.44710918702113,0.0017535709091497627,0.011154416796780272,0.010199984213347165,0.6612299277292486,0.35827095677773974,0.005665401777666078,0.011154416796780274,0.9984,117,20,44.0,
KMeans,"base_id=118,k=4,dimension=20,seed=45.0,covariance=None",4,2500,4,0.07354259195986562,2.778915388844079,127.07281578489894,0.0021198558102637917,0.009752584576547789,0.008795672566674417,0.6620164947342145,0.3129348964629533,0.00495347963561121,0.009752584576547789,0.9984,118,20,45.0,
KMeans,"base_id=119,k=4,dimension=20,seed=46.0,covariance=None",4,2500,4,0.07338478589769845,2.778033673491356,127.06465379362864,0.002123125691167376,0.009755889693898167,0.008798396505211073,0.6623446169320645,0.31287997097340847,0.004955198708649681,0.009755889693898167,0.9984,119,20,46.0,
KMeans,"base_id=120,k=5,dimension=20,seed=42.0,covariance=None",5,2500,5,0.06197604655609062,2.743771108628772,118.18649134623452,0.0008205522505214152,0.008732554980586033,0.007624137491169413,0.574365504443058,0.37349295298774493,0.00441792474417015,0.00873255498058603,0.9984,120,20,42.0,
KMeans,"base_id=121,k=5,dimension=20,seed=43.0,covariance=None",5,2500,5,0.06928463334127505,2.4951163904197204,136.5341218363857,0.0020832877521214884,0.009628277127693046,0.008651111707745424,0.6588850930768647,0.31347195038418696,0.004889224724715842,0.009628277127693045,0.9984,121,20,43.0,
KMeans,"base_id=122,k=5,dimension=20,seed=44.0,covariance=None",5,2500,5,0.042311236035869434,2.7842617196896677,116.80702189552727,0.0011351096624474788,0.007712701797469204,0.006631050930960366,0.5466947124025391,0.3451612693648323,0.0038999232044634696,0.007712701797469203,0.9984,122,20,44.0,
KMeans,"base_id=123,k=5,dimension=20,seed=45.0,covariance=None",5,2500,5,0.059655349594776565,2.1928740725074123,139.35207208191252,0.0017432091441501073,0.011114682273004628,0.01015049447776164,0.6612211908084058,0.3580806222019507,0.005644949649659568,0.011114682273004628,0.9984,123,20,45.0,
KMeans,"base_id=124,k=5,dimension=20,seed=46.0,covariance=None",5,2500,5,0.05571449511751122,2.709631962858716,118.93800620091068,0.0008758889683032999,0.00884051176225585,0.007723914692093532,0.5846847029790962,0.37079145909244504,0.004473586115282208,0.008840511762255851,0.9984,124,20,46.0,
KMeans,"base_id=125,k=6,dimension=20,seed=42.0,covariance=None",6,2500,6,0.04660021539286199,2.3300509374802254,130.13248788918875,0.0011640352471904084,0.007732326082789397,0.006641504813742898,0.5489760614453193,0.34559526165236715,0.0039099030001029334,0.007732326082789398,0.9984,125,20,42.0,
KMeans,"base_id=126,k=6,dimension=20,seed=43.0,covariance=None",6,2500,6,0.05014904078524019,2.532197568676192,128.1499585817695,0.0011286890999073881,0.007661750115309477,0.006562448754769632,0.5466259315632015,0.34513666709655494,0.0038738734598198227,0.007661750115309477,0.9984,126,20,43.0,
KMeans,"base_id=127,k=6,dimension=20,seed=44.0,covariance=None",6,2500,6,0.06403428038003996,2.5672217639799615,116.26213362742058,0.0007820518707086059,0.008504722270557832,0.007343902303680406,0.5708401626523877,0.3738751971793473,0.004301282829128682,0.00850472227055783,0.9984,127,20,44.0,
KMeans,"base_id=128,k=6,dimension=20,seed=45.0,covariance=None",6,2500,6,0.05750483582630376,2.491016322062802,114.18387712707091,0.0008471221859612496,0.008624235357487823,0.007459268290161701,0.5806127593704061,0.37168224336758454,0.0043627324608807826,0.008624235357487823,0.9984,128,20,45.0,
KMeans,"base_id=129,k=6,dimension=20,seed=46.0,covariance=None",6,2500,6,0.06609716658553681,2.520088543813158,123.78083339647625,0.0008641860817413447,0.008702861267725901,0.007550021132203442,0.583383444398086,0.3710132623873625,0.004403072083617259,0.008702861267725901,0.9984,129,20,46.0,
KMeans,"base_id=130,k=7,dimension=20,seed=42.0,covariance=None",7,2500,7,0.061413874132234765,2.5354808366633756,117.08736450657074,0.0007228240213359161,0.006718490657228349,0.005470048670167527,0.48720521221845187,0.36026333395117544,0.003390863148464229,0.006718490657228348,0.9984,130,20,42.0,
KMeans,"base_id=131,k=7,dimension=20,seed=43.0,covariance=None",7,2500,7,0.06683543748068581,2.3607413750488724,120.13685539490831,0.0008235101349624818,0.008447119956422517,0.007240005481313548,0.5779525538882588,0.37213123872239073,0.004272046215167328,0.008447119956422517,0.9984,131,20,43.0,
KMeans,"base_id=132,k=7,dimension=20,seed=44.0,covariance=None",7,2500,7,0.06268532715694218,2.4795215284371324,123.16882667704937,0.0007876878871632917,0.006844339714759144,0.005602989155516284,0.5007892469521147,0.3577366326677932,0.0034552231130662407,0.006844339714759144,0.9984,132,20,44.0,
KMeans,"base_id=133,k=7,dimension=20,seed=45.0,covariance=None",7,2500,7,0.06113102976197564,2.502250082206995,124.28270955085075,0.0007323672238358387,0.006759865919149551,0.005527028185672848,0.4864112356020397,0.36068340560585016,0.0034119056317870305,0.006759865919149551,0.9984,133,20,45.0,
KMeans,"base_id=134,k=7,dimension=20,seed=46.0,covariance=None",7,2500,7,0.07843734929381864,2.2545956067791764,126.04730247986453,0.0014545152610913026,0.007984340083324595,0.006786150653988812,0.6153279443074536,0.31967546221424104,0.004042655518837419,0.007984340083324595,0.9984,134,20,46.0,
KMeans,"base_id=135,k=8,dimension=20,seed=42.0,covariance=None",8,2500,8,0.06811839457970009,2.4456271925939537,116.91709364292848,0.0005986954908572172,0.006338281053970057,0.004989829006702531,0.461718020691681,0.37017361942500404,0.0031965065463587855,0.006338281053970056,0.9984,135,20,42.0,
KMeans,"base_id=136,k=8,dimension=20,seed=43.0,covariance=None",8,2500,8,0.0583741158674674,2.195200833434389,123.02578920219813,0.0008150626567382412,0.0068073864499434335,0.005532726039246857,0.5024653879704963,0.3594251623902367,0.0034362337557348782,0.006807386449943433,0.9984,136,20,43.0,
KMeans,"base_id=137,k=8,dimension=20,seed=44.0,covariance=None",8,2500,8,0.07250729760686986,2.380606216498083,120.80503003159683,0.0006290539489359782,0.006386020578975001,0.0050466216649275985,0.46859945047460866,0.3671530152248459,0.0032210224737124777,0.006386020578975,0.9984,137,20,44.0,
KMeans,"base_id=138,k=8,dimension=20,seed=45.0,covariance=None",8,2500,8,0.06577413194971249,2.4483425897551303,116.88844278598009,0.0005931769065330001,0.006334926717338278,0.004985977601597488,0.4623761068990013,0.36969854927811874,0.0031948357276548253,0.006334926717338278,0.9984,138,20,45.0,
KMeans,"base_id=139,k=8,dimension=20,seed=46.0,covariance=None",8,2500,8,0.05147998103888911,2.060363091473537,123.18669185812338,0.0010966321162407511,0.007534057881930675,0.0064021274964818015,0.5437078819954962,0.34524153324722984,0.0038085855048174454,0.007534057881930674,0.9984,139,20,46.0,
GMM,"base_id=140,k=2,dimension=5,seed=42.0,covariance=diag",2,2500,2,0.2780480217359053,4.062511355905568,78.912783878005,0.02228834380435879,0.02022078615933729,0.01911482386174885,0.8797687215397417,0.2824790138876253,0.010485693464574165,0.020220786159337287,0.998,140,5,42.0,diag
GMM,"base_id=141,k=2,dimension=5,seed=43.0,covariance=diag",2,2500,2,0.4167570477724678,4.7101465042377795,46.157144485753754,0.05468647590947466,0.04499958343608691,0.04361216836570918,0.9412734348522661,0.3866843345433446,0.02388985792850912,0.04499958343608691,0.998,141,5,43.0,diag
GMM,"base_id=142,k=2,dimension=5,seed=44.0,covariance=diag",2,2500,2,0.4696071237923494,4.441898144957632,48.350669561786695,0.07210840161984264,0.058561884411282406,0.0571067115968725,0.9545237438512774,0.42256341267087305,0.031460987442429596,0.05856188441128241,0.998,142,5,44.0,diag
GMM,"base_id=143,k=3,dimension=5,seed=42.0,covariance=diag",3,2500,3,0.13349918875884584,3.840294243550342,76.43869857071968,0.026368821014773135,0.025942455126633124,0.024463465452883186,0.8849638242529684,0.4179606066085609,0.013386677333619174,0.02594245512663313,0.998,143,5,42.0,diag
GMM,"base_id=144,k=3,dimension=5,seed=43.0,covariance=diag",3,2500,3,0.04502000504669957,4.262944111801093,69.61642831670565,0.0070202177312774,0.018343608170627253,0.017488282305219465,0.6944372909824079,0.511276170317973,0.009339342939457738,0.018343608170627253,0.998,144,5,43.0,diag
GMM,"base_id=145,k=3,dimension=5,seed=44.0,covariance=diag",3,2500,3,0.13349918875884584,3.8402942435503413,76.43869857071967,0.026368821014773135,0.025942455126633127,0.02446346545288319,0.8849638242529684,0.4179606066085609,0.013386677333619175,0.025942455126633127,0.998,145,5,44.0,diag
GMM,"base_id=146,k=4,dimension=5,seed=42.0,covariance=diag",4,2500,4,0.04618567873776416,3.828388096960572,81.08362917385476,0.0042440023657802,0.009726789113045734,0.008610064970058218,0.62625604734622,0.3705057617066657,0.0049280823737382715,0.009726789113045736,0.998,146,5,42.0,diag
GMM,"base_id=147,k=4,dimension=5,seed=43.0,covariance=diag",4,2500,4,0.023426703088801182,4.340359404571424,71.87353625985439,0.00489143587104328,0.01794842014030641,0.016949849741957967,0.6208172199121523,0.666117518118031,0.009096765447948166,0.01794842014030641,0.998,147,5,43.0,diag
GMM,"base_id=148,k=4,dimension=5,seed=44.0,covariance=diag",4,2500,4,0.049931159335218155,3.7714919327905836,81.55925637262531,0.004467466643508025,0.010387711880567967,0.009276018569925947,0.630318369366585,0.39034499561968056,0.005263896339361806,0.010387711880567967,0.998,148,5,44.0,diag
GMM,"base_id=149,k=5,dimension=5,seed=42.0,covariance=diag",5,2500,5,0.0356194097401329,3.9889743458044387,74.18350051741751,0.0026815070858916936,0.009735327866672283,0.008568366226542718,0.52539534630897,0.47110245270757545,0.004918484148254455,0.009735327866672283,0.998,149,5,42.0,diag
GMM,"base_id=150,k=5,dimension=5,seed=43.0,covariance=diag",5,2500,5,0.03468562638499276,3.1459598352462863,105.92388101027008,0.003181768930625614,0.011178474206550217,0.010065950662536361,0.5886949961796281,0.4662558752536291,0.005657050938290508,0.011178474206550217,0.9984,150,5,43.0,diag
GMM,"base_id=151,k=5,dimension=5,seed=44.0,covariance=diag",5,2500,5,0.03471504682109837,3.146176111028639,105.92697017067447,0.0031797695283305467,0.011177076944849151,0.01006469690145795,0.5885950747178786,0.4662558752536368,0.005656335252799744,0.01117707694484915,0.9984,151,5,44.0,diag
GMM,"base_id=152,k=6,dimension=5,seed=42.0,covariance=diag",6,2500,6,0.03498002365100005,3.822451476690084,75.36085256686665,0.002869748373373297,0.01576235253534491,0.014559387839857533,0.5163755800303491,0.7898665349994145,0.007960606066029371,0.01576235253534491,0.998,152,5,42.0,diag
GMM,"base_id=153,k=6,dimension=5,seed=43.0,covariance=diag",6,2500,6,0.032286258123079795,3.853997105657522,74.77944794380481,0.002797355651607426,0.015607733529826806,0.014402483173115955,0.5115628716947531,0.789866534999378,0.007881738192559993,0.015607733529826804,0.998,153,5,43.0,diag
GMM,"base_id=154,k=6,dimension=5,seed=44.0,covariance=diag",6,2500,6,0.032286258123079795,3.8526994457091885,74.79179329755381,0.0027974117170156488,0.01560780415036154,0.014402549833895315,0.5115666414420083,0.7898665349993857,0.007881774211036816,0.015607804150361539,0.998,154,5,44.0,diag
GMM,"base_id=155,k=7,dimension=5,seed=42.0,covariance=diag",7,2500,7,0.031954509313392526,3.351094068204623,82.63917970151876,0.002633727271256276,0.01170410212016493,0.010444606861686504,0.5103604907305037,0.6049177441806733,0.005909217581222106,0.011704102120164928,0.9984,155,5,42.0,diag
GMM,"base_id=156,k=7,dimension=5,seed=43.0,covariance=diag",7,2500,7,0.02802944972482515,3.9837580723793016,61.61870123941338,0.001999896711903418,0.011043242495372026,0.009715137114339089,0.45526987403061486,0.6471016934095579,0.005569141896356045,0.011043242495372026,0.998,156,5,43.0,diag
GMM,"base_id=157,k=7,dimension=5,seed=44.0,covariance=diag",7,2500,7,0.032102764927092464,3.3613956849265065,82.49531500715264,0.0026446895548473625,0.011786282218929236,0.010527725847468855,0.5105824363387197,0.6086997806636123,0.0059507534678184485,0.011786282218929234,0.9984,157,5,44.0,diag
GMM,"base_id=158,k=8,dimension=5,seed=42.0,covariance=diag",8,2500,8,0.027066841277867532,3.4829809738076998,78.62165834402427,0.0017802520784106445,0.010131591002583522,0.00876537924093246,0.4402505601969393,0.6168225887625871,0.005107744008187943,0.010131591002583522,0.9984,158,5,42.0,diag
GMM,"base_id=159,k=8,dimension=5,seed=43.0,covariance=diag",8,2500,8,0.019754572865551406,3.54867026079259,75.63644544663174,0.001765983596492884,0.010285264940101072,0.008915406804185693,0.43688964714285883,0.630721119454298,0.0051849080106457866,0.010285264940101072,0.9984,159,5,43.0,diag
GMM,"base_id=160,k=8,dimension=5,seed=44.0,covariance=diag",8,2500,8,0.027232239611183404,3.493050320794919,77.64517419126547,0.001790533679158856,0.010190307408582008,0.008824886280931116,0.4407718818909322,0.6197166204616018,0.005137392045570094,0.010190307408582008,0.9984,160,5,44.0,diag
GMM,"base_id=161,k=2,dimension=5,seed=42.0,covariance=full",2,2500,2,0.30181940062000534,3.6006848465048837,88.85861609251202,0.027646514791637735,0.024262013101800487,0.023085774841475868,0.8969901241556459,0.30559903078746886,0.01263246261351835,0.024262013101800487,0.998,161,5,42.0,full
GMM,"base_id=162,k=2,dimension=5,seed=43.0,covariance=full",2,2500,2,0.49132769607741184,4.242641519328473,50.45898291661015,0.08293766398500138,0.06704898292432813,0.06556628528732962,0.9602719977271167,0.4413285611884095,0.03628045103007904,0.06704898292432813,0.998,162,5,43.0,full
GMM,"base_id=163,k=2,dimension=5,seed=44.0,covariance=full",2,2500,2,0.49132769607741184,4.242641519328473,50.45898291661015,0.08293766398500138,0.06704898292432813,0.06556628528732962,0.9602719977271167,0.4413285611884095,0.03628045103007904,0.06704898292432813,0.998,163,5,44.0,full
GMM,"base_id=164,k=3,dimension=5,seed=42.0,covariance=full",3,2500,3,0.16232810150918103,3.6884326886556984,81.35919941929646,0.028678640055260135,0.030132811350752003,0.028655743030910213,0.8913328871317997,0.46148017094239285,0.015574894878972192,0.030132811350752006,0.998,164,5,42.0,full
GMM,"base_id=165,k=3,dimension=5,seed=43.0,covariance=full",3,2500,3,0.16237785605614982,3.676192576670809,81.54854173981589,0.02894584687101448,0.030513772509470866,0.029035820325729142,0.8921020678172252,0.4646139493908549,0.0157748987603482,0.030513772509470866,0.998,165,5,43.0,full
GMM,"base_id=166,k=3,dimension=5,seed=44.0,covariance=full",3,2500,3,0.16232810150918103,3.6884326886556984,81.35919941929647,0.028678640055260135,0.030132811350752003,0.028655743030910213,0.8913328871317997,0.46148017094239285,0.015574894878972192,0.030132811350752006,0.998,166,5,44.0,full
GMM,"base_id=167,k=4,dimension=5,seed=42.0,covariance=full",4,2500,4,0.050809730975125984,3.7205274811386495,84.41505507576186,0.005441932026230347,0.012843278683069647,0.011726813285248047,0.6541181975693288,0.4569084886505131,0.006513179087691684,0.012843278683069646,0.998,167,5,42.0,full
GMM,"base_id=168,k=4,dimension=5,seed=43.0,covariance=full",4,2500,4,0.159325795329338,3.1441821712079223,108.0207653767284,0.02245110197388015,0.029656719494485877,0.028214564072837334,0.8667979162303243,0.5371206095974698,0.015249350586867131,0.029656719494485877,0.9984,168,5,43.0,full
GMM,"base_id=169,k=4,dimension=5,seed=44.0,covariance=full",4,2500,4,0.1586334512237354,3.1890550765106895,107.93687071674765,0.021557734731445857,0.02870878527103145,0.027277393105841995,0.8627299295658576,0.5313273508070362,0.01475296007444584,0.028708785271031458,0.9984,169,5,44.0,full
GMM,"base_id=170,k=5,dimension=5,seed=42.0,covariance=full",5,2500,5,0.02214964435467795,4.640556055654875,67.18583301114997,0.0027952813954533738,0.009673613229095539,0.008490396983321226,0.5337581249985794,0.46461394939084044,0.004887689305421151,0.009673613229095537,0.998,170,5,42.0,full
GMM,"base_id=171,k=5,dimension=5,seed=43.0,covariance=full",5,2500,5,0.04465244793961089,3.289545106078214,105.87979920846779,0.004870244237657268,0.013970945829914613,0.012822945015959127,0.6359191116694757,0.5303160502940496,0.007078715759833642,0.013970945829914611,0.9984,171,5,43.0,full
GMM,"base_id=172,k=5,dimension=5,seed=44.0,covariance=full",5,2500,5,0.04467195624744062,3.289625582156758,105.89667327347394,0.004866191027213022,0.013968057766263173,0.012820307826978636,0.6357702455759727,0.5303160502940304,0.007077232924628827,0.013968057766263173,0.9984,172,5,44.0,full
GMM,"base_id=173,k=6,dimension=5,seed=42.0,covariance=full",6,2500,6,0.03608961084435976,3.5360696694559497,89.81575452092792,0.004646306243333876,0.015629594987212725,0.01439763490627082,0.6116376811816581,0.6583842221114873,0.00790867073380966,0.01562959498721272,0.9984,173,5,42.0,full
GMM,"base_id=174,k=6,dimension=5,seed=43.0,covariance=full",6,2500,6,0.033924385527292523,3.696469144221105,85.98872957450772,0.00468366904394126,0.014999258292109333,0.013752353922068408,0.6149968726271574,0.629057041833584,0.007590118674745442,0.01499925829210933,0.9984,174,5,43.0,full
GMM,"base_id=175,k=6,dimension=5,seed=44.0,covariance=full",6,2500,6,0.033924385527292523,3.696469144221105,85.9887295745077,0.00468366904394126,0.01499925829210933,0.013752353922068406,0.6149968726271574,0.629057041833584,0.00759011867474544,0.014999258292109328,0.9984,175,5,44.0,full
GMM,"base_id=176,k=7,dimension=5,seed=42.0,covariance=full",7,2500,7,0.011868948525094127,4.099430305806981,75.18488552109972,0.0026825448207027317,0.014152385687042619,0.01290798915697847,0.5041741863046305,0.7389495076380392,0.007144609745936668,0.014152385687042617,0.9984,176,5,42.0,full
GMM,"base_id=177,k=7,dimension=5,seed=43.0,covariance=full",7,2500,7,0.01091758825117587,4.097979602107759,77.56836579767938,0.0025201794299987185,0.012004634295535247,0.010727299379711596,0.49806885223717784,0.6414722083457544,0.00605901190489367,0.012004634295535247,0.9984,177,5,43.0,full
GMM,"base_id=178,k=7,dimension=5,seed=44.0,covariance=full",7,2500,7,0.017346179137901277,3.8498791702203694,79.66979249505899,0.0028022273163548377,0.01193338341448224,0.010620137319812218,0.518880426760962,0.6274256143237922,0.006023978534469163,0.01193338341448224,0.9984,178,5,44.0,full
GMM,"base_id=179,k=8,dimension=5,seed=42.0,covariance=full",8,2500,8,0.00805948809589794,4.268823277934523,69.73201132458055,0.0018523175380031763,0.010706125306903173,0.00933625324812568,0.4425577161293008,0.6516328021552503,0.005397401471490146,0.010706125306903173,0.9984,179,5,42.0,full
GMM,"base_id=180,k=8,dimension=5,seed=43.0,covariance=full",8,2500,8,0.010750879986753224,3.9664138650076595,71.62157413564489,0.0019221812771892176,0.010911468918508931,0.009542281648720475,0.448293579234134,0.6583842221115199,0.005501321440145623,0.010911468918508931,0.9984,180,5,43.0,full
GMM,"base_id=181,k=8,dimension=5,seed=44.0,covariance=full",8,2500,8,0.008613199878172065,4.344786278977988,69.64341462076952,0.0018478432843127609,0.01073703416021791,0.009368266523931124,0.4419228729499103,0.6538229125220739,0.00541296272785536,0.010737034160217908,0.9984,181,5,44.0,full
GMM,"base_id=182,k=2,dimension=10,seed=42.0,covariance=diag",2,2500,2,0.38152111594135435,5.1411819538349715,47.656372916147525,0.038286480147282906,0.03236439341865339,0.031082676433069462,0.9202019518997562,0.3429051585500848,0.016983681517324285,0.03236439341865339,0.998,182,10,42.0,diag
GMM,"base_id=183,k=2,dimension=10,seed=43.0,covariance=diag",2,2500,2,0.380433635133053,5.144960540433978,47.669428171179725,0.0380749546307207,0.03220247575245268,0.030922508788600388,0.9198381016297092,0.34224812707101426,0.016896124688689517,0.032202475752452685,0.998,183,10,43.0,diag
GMM,"base_id=184,k=2,dimension=10,seed=44.0,covariance=diag",2,2500,2,0.38406195401748067,5.121202733793117,47.88670523765756,0.03871540645935788,0.03269281956970663,0.03140759066855434,0.920930268215325,0.34422863853968433,0.01716135213128389,0.032692819569706634,0.998,184,10,44.0,diag
GMM,"base_id=185,k=3,dimension=10,seed=42.0,covariance=diag",3,2500,3,0.08625662123817722,5.291307810820002,52.51809119171761,0.008207553817274268,0.01733978561104761,0.016383277171608097,0.7247980779342438,0.4662078183467902,0.0088341787303908,0.017339785611047612,0.998,185,10,42.0,diag
GMM,"base_id=186,k=3,dimension=10,seed=43.0,covariance=diag",3,2500,3,0.08522172189829767,5.316217848448178,52.294666457928656,0.008128616203203248,0.0170811668202562,0.016122874201146494,0.7235811184580535,0.4614801709423621,0.008701623793863964,0.017081166820256198,0.998,186,10,43.0,diag
GMM,"base_id=187,k=3,dimension=10,seed=44.0,covariance=diag",3,2500,3,0.08625662123817722,5.291307810820002,52.51809119171761,0.008207553817274268,0.01733978561104761,0.016383277171608097,0.7247980779342438,0.4662078183467902,0.0088341787303908,0.017339785611047612,0.998,187,10,44.0,diag
GMM,"base_id=188,k=4,dimension=10,seed=42.0,covariance=diag",4,2500,4,-0.009092288917546595,5.120704737896926,49.27903514992585,0.003947638921429792,0.01248208844866583,0.011445094196762888,0.5905233601923862,0.5026720793616427,0.0063195055417227634,0.012482088448665829,0.998,188,10,42.0,diag
GMM,"base_id=189,k=4,dimension=10,seed=43.0,covariance=diag",4,2500,4,0.011604544262795124,4.86160044251837,56.660662374768165,0.00363573656850182,0.011864760461032292,0.01083734390293865,0.577100939789024,0.48879189210668095,0.006005265064166155,0.011864760461032292,0.998,189,10,43.0,diag
GMM,"base_id=190,k=4,dimension=10,seed=44.0,covariance=diag",4,2500,4,0.08862250702028553,4.919934879291894,63.9977516087078,0.006764684795214502,0.013878610198284493,0.012703504904833393,0.6922506599018218,0.4599394598865582,0.007045605184804644,0.013878610198284494,0.998,190,10,44.0,diag
GMM,"base_id=191,k=5,dimension=10,seed=42.0,covariance=diag",5,2500,5,0.03544543631610618,3.5525678999418453,101.5206293888205,0.0035079104186574424,0.011749406135006598,0.010635341199028026,0.5961520739964388,0.4812580809234341,0.005947301601105775,0.011749406135006597,0.9984,191,10,42.0,diag
GMM,"base_id=192,k=5,dimension=10,seed=43.0,covariance=diag",5,2500,5,0.03545994800642712,3.5523140719811024,101.52139666279568,0.0035063209910026045,0.01174830622795291,0.010634352870156995,0.5960768587531569,0.4812580809234572,0.0059467379717890395,0.01174830622795291,0.9984,192,10,43.0,diag
GMM,"base_id=193,k=5,dimension=10,seed=44.0,covariance=diag",5,2500,5,0.03543276004761842,3.5524675781227417,101.50474058943591,0.0035095116819869117,0.01175051423696869,0.010636336914924096,0.5962278188263035,0.48125808092340716,0.005947869431087515,0.01175051423696869,0.9984,193,10,44.0,diag
GMM,"base_id=194,k=6,dimension=10,seed=42.0,covariance=diag",6,2500,6,0.010752644975509505,3.8292621098296493,88.47513352187154,0.0024985404151662105,0.010693625335141666,0.009489222603762257,0.5166581696825572,0.5355001927422965,0.005400737450051832,0.010693625335141664,0.9984,194,10,42.0,diag
GMM,"base_id=195,k=6,dimension=10,seed=43.0,covariance=diag",6,2500,6,-0.010841359037071228,3.897671646818847,82.56297294611394,0.002380612269855932,0.010354192906413099,0.009145994147264878,0.5131823601015943,0.5226399935648874,0.0052288921043255115,0.010354192906413099,0.9984,195,10,43.0,diag
GMM,"base_id=196,k=6,dimension=10,seed=44.0,covariance=diag",6,2500,6,0.013687271162605954,3.8658064937920016,82.28366723424213,0.002681618807162245,0.014293270621022402,0.013085648761466525,0.5123950099293199,0.7237535600623564,0.007217907851282603,0.014293270621022402,0.9988,196,10,44.0,diag
GMM,"base_id=197,k=7,dimension=10,seed=42.0,covariance=diag",7,2500,7,-0.003406650418988215,3.7846865165671164,78.65561059711409,0.0016526525879862902,0.009142353728783362,0.007830930591208648,0.4494036168607715,0.5365769553609232,0.004610453990261633,0.009142353728783362,0.9984,197,10,42.0,diag
GMM,"base_id=198,k=7,dimension=10,seed=43.0,covariance=diag",7,2500,7,0.0022385930091482153,3.788566774668047,79.32724680158977,0.0015742368275767395,0.008944489004186068,0.007631442614064946,0.4456453101393337,0.5283296069655464,0.004510424686852576,0.008944489004186068,0.9984,198,10,43.0,diag
GMM,"base_id=199,k=7,dimension=10,seed=44.0,covariance=diag",7,2500,7,0.008546035985389656,3.7934728501430266,74.46422840993489,0.0020114783852213007,0.012467835139619805,0.011145339697183437,0.4614215377149889,0.7237535600624218,0.0062880787745571085,0.012467835139619805,0.9988,199,10,44.0,diag
GMM,"base_id=200,k=8,dimension=10,seed=42.0,covariance=diag",8,2500,8,0.0012708950000832756,4.055532889280164,74.51697332086601,0.0017151372227599863,0.010506126477989805,0.009137116822190202,0.42947693002177223,0.6516328021552272,0.005295754356509115,0.010506126477989803,0.9984,200,10,42.0,diag
GMM,"base_id=201,k=8,dimension=10,seed=43.0,covariance=diag",8,2500,8,0.014482917147066319,3.7777125959079223,76.62506585496494,0.0017095530141823312,0.009999433818922687,0.008615714876201467,0.4328189204036115,0.6212023035215715,0.005040283388275054,0.009999433818922689,0.9984,201,10,43.0,diag
GMM,"base_id=202,k=8,dimension=10,seed=44.0,covariance=diag",8,2500,8,0.003633807718521377,3.881068954168325,74.8855970397991,0.0017494175227039236,0.009985221059025278,0.008596262554039861,0.43710735930349476,0.6182570155173366,0.005033255575428675,0.009985221059025278,0.9984,202,10,44.0,diag
GMM,"base_id=203,k=2,dimension=10,seed=42.0,covariance=full",2,2500,2,0.23974513096867167,4.653490199502239,70.02879849470932,0.015835735332307952,0.015400537158097595,0.014400852322380432,0.8502740452311653,0.24863686860802803,0.007946367080407057,0.015400537158097593,0.998,203,10,42.0,full
GMM,"base_id=204,k=2,dimension=10,seed=43.0,covariance=full",2,2500,2,0.3002169980299079,5.499305179440276,47.46711110474539,0.023718877673259923,0.02129667810720255,0.02017055596397472,0.8848749875382728,0.2890193660797035,0.01105566278197843,0.02129667810720255,0.998,204,10,43.0,full
GMM,"base_id=205,k=2,dimension=10,seed=44.0,covariance=full",2,2500,2,0.22972751948813003,2.7545468344992727,101.34415326144268,0.03549104998454303,0.03022709225594553,0.02896951278480929,0.915126845285733,0.3339785714721335,0.015829897117912224,0.03022709225594553,0.998,205,10,44.0,full
GMM,"base_id=206,k=3,dimension=10,seed=42.0,covariance=full",3,2500,3,0.21844631195210218,3.3075166946322305,113.83826680659708,0.016090989502849016,0.026259692214368944,0.025266398219669372,0.8406762542713887,0.44813880433657305,0.013526143368509932,0.026259692214368947,0.9984,206,10,42.0,full
GMM,"base_id=207,k=3,dimension=10,seed=43.0,covariance=full",3,2500,3,0.26286424529195246,3.957711689213077,101.38021940200396,0.02090679970536812,0.03060423554748564,0.02952137261042764,0.8668083755294413,0.4651006258716683,0.01582269488581834,0.030604235547485637,0.9984,207,10,43.0,full
GMM,"base_id=208,k=3,dimension=10,seed=44.0,covariance=full",3,2500,3,0.21844631195210218,3.3075166946322305,113.83826680659708,0.016090989502849016,0.026259692214368944,0.025266398219669372,0.8406762542713887,0.44813880433657305,0.013526143368509932,0.026259692214368947,0.9984,208,10,44.0,full
GMM,"base_id=209,k=4,dimension=10,seed=42.0,covariance=full",4,2500,4,0.11154850071311383,3.348843366117824,91.9382300815519,0.00980665839514003,0.01762131020163232,0.016430798442334242,0.7733111194026936,0.4535505646301479,0.008985201260587813,0.01762131020163232,0.9984,209,10,42.0,full
GMM,"base_id=210,k=4,dimension=10,seed=43.0,covariance=full",4,2500,4,0.012669452168098594,3.9105274595330535,91.51116418699193,0.0070194518103357684,0.015723927417265766,0.014638097813976455,0.7142322494028632,0.47534318448599006,0.007994183936117269,0.015723927417265766,0.9984,210,10,43.0,full
GMM,"base_id=211,k=4,dimension=10,seed=44.0,covariance=full",4,2500,4,0.1475618257670614,3.463194783120405,108.75722989431613,0.013621682911114614,0.02099707399574777,0.019707426208389875,0.8127530900359543,0.4785172459732246,0.010734038863466041,0.02099707399574777,0.9984,211,10,44.0,full
GMM,"base_id=212,k=5,dimension=10,seed=42.0,covariance=full",5,2500,5,0.02711938453640241,3.59704287120577,102.46201727790732,0.0037626087992000913,0.011632061344637894,0.0104781600987913,0.6126252970336236,0.4717869968658444,0.005888623634618032,0.011632061344637894,0.9984,212,10,42.0,full
GMM,"base_id=213,k=5,dimension=10,seed=43.0,covariance=full",5,2500,5,0.02711938453640241,3.59704287120577,102.46201727790732,0.0037626087992000913,0.011632061344637894,0.0104781600987913,0.6126252970336236,0.4717869968658444,0.005888623634618032,0.011632061344637894,0.9984,213,10,43.0,full
GMM,"base_id=214,k=5,dimension=10,seed=44.0,covariance=full",5,2500,5,0.02711938453640241,3.596871405052473,102.43214365888291,0.003775472363068421,0.011641111634799464,0.0104863602995349,0.6131861491918682,0.4717869968658636,0.005893262491183438,0.01164111163479946,0.9984,214,10,44.0,full
GMM,"base_id=215,k=6,dimension=10,seed=42.0,covariance=full",6,2500,6,0.02424568700052141,3.41482550825809,88.60017958895381,0.003980435194437031,0.012498723782690648,0.0112230735705218,0.5932547893050435,0.55951868144127,0.006319950522720671,0.012498723782690646,0.9984,215,10,42.0,full
GMM,"base_id=216,k=6,dimension=10,seed=43.0,covariance=full",6,2500,6,-0.003084348923086644,3.7145691819813162,87.18849842511241,0.00256678258580761,0.010445038794317152,0.009217255079599392,0.5271204624192657,0.5190522481443247,0.0052756006171187355,0.010445038794317152,0.9984,216,10,43.0,full
GMM,"base_id=217,k=6,dimension=10,seed=44.0,covariance=full",6,2500,6,0.021405140963222682,4.030336069090333,87.94314797129758,0.0028734961906811914,0.009975998277824093,0.008708153788847595,0.5767739656487313,0.4601999184981741,0.005042655298717369,0.009975998277824092,0.9984,217,10,44.0,full
GMM,"base_id=218,k=7,dimension=10,seed=42.0,covariance=full",7,2500,7,-0.00589951754781133,3.4705904082766272,78.56555102798926,0.0024327479436691292,0.010353670137589192,0.009026124743301011,0.5052860858149599,0.558807731004783,0.0052252420878504836,0.010353670137589192,0.9984,218,10,42.0,full
GMM,"base_id=219,k=7,dimension=10,seed=43.0,covariance=full",7,2500,7,-0.01174385830118792,3.7453758737053278,77.0791360566721,0.0026079343994044324,0.01050085693608682,0.009169910595331298,0.5184246752412848,0.5546651104137613,0.005300603681782537,0.01050085693608682,0.9984,219,10,43.0,full
GMM,"base_id=220,k=7,dimension=10,seed=44.0,covariance=full",7,2500,7,0.02238316430668178,4.042260860050276,77.82171639633452,0.0027393173126133183,0.009553146629488623,0.00819058379477623,0.5575951669864796,0.47824806518693125,0.00482476133244504,0.009553146629488621,0.9984,220,10,44.0,full
GMM,"base_id=221,k=8,dimension=10,seed=42.0,covariance=full",8,2500,8,-0.01110018599470623,3.457403249893477,72.37082151892854,0.002681162544029,0.010910407788933991,0.009512442237435042,0.5148065385514997,0.5967094013428089,0.005505536305904646,0.01091040778893399,0.9984,221,10,42.0,full
GMM,"base_id=222,k=8,dimension=10,seed=43.0,covariance=full",8,2500,8,0.0011482907509140188,4.0784921984155265,71.946716308649,0.0017517616298024544,0.010233802748493424,0.008854197747578342,0.43530542697318686,0.6324191812053045,0.005158639911656171,0.010233802748493422,0.9984,222,10,43.0,full
GMM,"base_id=223,k=8,dimension=10,seed=44.0,covariance=full",8,2500,8,-0.0082411314599942,3.5875569026378122,73.26335761752976,0.002564998673525745,0.010780923662940277,0.00938795137482999,0.5068503451349919,0.59670940134278,0.005439601266747741,0.010780923662940279,0.9984,223,10,44.0,full
GMM,"base_id=224,k=2,dimension=15,seed=42.0,covariance=diag",2,2500,2,0.38309267317778045,5.180979585245433,47.98247847070181,0.03724782213153455,0.03156962206578443,0.030296615460297698,0.918384758825462,0.3396507071594419,0.016554142606003446,0.03156962206578443,0.998,224,15,42.0,diag
GMM,"base_id=225,k=2,dimension=15,seed=43.0,covariance=diag",2,2500,2,0.38309267317778045,5.180979585245433,47.98247847070181,0.03724782213153455,0.03156962206578443,0.030296615460297698,0.918384758825462,0.3396507071594419,0.016554142606003446,0.03156962206578443,0.998,225,15,43.0,diag
GMM,"base_id=226,k=2,dimension=15,seed=44.0,covariance=diag",2,2500,2,0.3840272351072443,5.162885662048839,47.9932508150955,0.0380749546307207,0.03220247575245268,0.030922508788600388,0.9198381016297092,0.34224812707101426,0.016896124688689517,0.032202475752452685,0.998,226,15,44.0,diag
GMM,"base_id=227,k=3,dimension=15,seed=42.0,covariance=diag",3,2500,3,0.035041432112335624,4.870240740215752,59.99014922087435,0.010913198252433346,0.012977480617059398,0.011754706206345337,0.7882374005697894,0.31989810771145444,0.006623081381805307,0.0129774806170594,0.998,227,15,42.0,diag
GMM,"base_id=228,k=3,dimension=15,seed=43.0,covariance=diag",3,2500,3,0.01296361156355551,5.3354756474182325,48.953644776977825,0.006123659532954172,0.013924152164437422,0.013010628540782504,0.6802539372667542,0.41683339723030305,0.0070803339374861446,0.013924152164437422,0.998,228,15,43.0,diag
GMM,"base_id=229,k=3,dimension=15,seed=44.0,covariance=diag",3,2500,3,0.01201233896414396,5.341986191302959,48.77794703414284,0.006123725284697237,0.013882168892040586,0.012967351727825352,0.6804214145169922,0.41571528082350456,0.007058945734021686,0.013882168892040584,0.998,229,15,44.0,diag
GMM,"base_id=230,k=4,dimension=15,seed=42.0,covariance=diag",4,2500,4,0.020298605389208874,5.0752373347024475,50.32234331636671,0.004574274124554318,0.010035048969166117,0.009018039928558524,0.6458803228586621,0.3448951473767756,0.005091596886699911,0.010035048969166117,0.998,230,15,42.0,diag
GMM,"base_id=231,k=4,dimension=15,seed=43.0,covariance=diag",4,2500,4,0.032658301546432005,4.691846419408969,66.8699319055745,0.004422748164479674,0.010697540191070368,0.00960108666717695,0.6261271580760597,0.4019454282754276,0.0054209072175830314,0.010697540191070368,0.998,231,15,43.0,diag
GMM,"base_id=232,k=4,dimension=15,seed=44.0,covariance=diag",4,2500,4,0.0327573030340612,4.693454255720469,66.85707067465286,0.004421966637663986,0.010697106253072582,0.009600703310844703,0.6260963573567565,0.4019454282754276,0.00542068435686089,0.01069710625307258,0.998,232,15,44.0,diag
GMM,"base_id=233,k=5,dimension=15,seed=42.0,covariance=diag",5,2500,5,0.029619512806825073,4.632242165622286,63.378006629681266,0.0039154279254108686,0.009293830733544431,0.008124950813257807,0.6121822691038733,0.37212253473614726,0.004705677965670616,0.009293830733544431,0.998,233,15,42.0,diag
GMM,"base_id=234,k=5,dimension=15,seed=43.0,covariance=diag",5,2500,5,0.026176190111256437,4.650478057365527,63.21045451913917,0.003919208923586047,0.00925416846890676,0.0080834245877975,0.6127820835124714,0.37050576170663396,0.004685600649404494,0.00925416846890676,0.998,234,15,43.0,diag
GMM,"base_id=235,k=5,dimension=15,seed=44.0,covariance=diag",5,2500,5,0.024865756503733315,4.447510489778092,64.93844805901334,0.0035801560689254163,0.010150816178857592,0.008929349911814214,0.5797878020759034,0.4510384365402764,0.005133170203395331,0.010150816178857592,0.998,235,15,44.0,diag
GMM,"base_id=236,k=6,dimension=15,seed=42.0,covariance=diag",6,2500,6,0.019349815468283772,4.431321507591635,59.736067113770666,0.003066119719508352,0.007989285467115272,0.0066998232558768325,0.571844698142186,0.37050576170664745,0.004038180759398365,0.007989285467115272,0.998,236,15,42.0,diag
GMM,"base_id=237,k=6,dimension=15,seed=43.0,covariance=diag",6,2500,6,0.03526561374001618,4.183789608756023,69.00975477414285,0.0014401581365076836,0.00530552826155359,0.004007963697254858,0.5172815015815548,0.2758268474732518,0.0026785248378227615,0.00530552826155359,0.998,237,15,43.0,diag
GMM,"base_id=238,k=6,dimension=15,seed=44.0,covariance=diag",6,2500,6,-0.0007329118482369773,4.137629025865354,63.42559229360253,0.00209198465387247,0.008246499463713617,0.006944717695319693,0.48681659126049176,0.45394238729250164,0.004161045341095344,0.008246499463713617,0.998,238,15,44.0,diag
GMM,"base_id=239,k=7,dimension=15,seed=42.0,covariance=diag",7,2500,7,0.03632866630659378,4.033859267752221,65.37107782403248,0.0007542956003837452,0.004521964644601526,0.0031273521168792297,0.4673119963781349,0.2667911514298194,0.002280307305454872,0.004521964644601525,0.998,239,15,42.0,diag
GMM,"base_id=240,k=7,dimension=15,seed=43.0,covariance=diag",7,2500,7,0.0007981013848404144,3.877082783721907,79.17322546725141,0.002187733304842979,0.010392603586773772,0.00909156852743377,0.4830741518534278,0.5751858139518345,0.0052436738094538225,0.01039260358677377,0.9984,240,15,43.0,diag
GMM,"base_id=241,k=7,dimension=15,seed=44.0,covariance=diag",7,2500,7,-0.0010799362797377574,3.75247652150523,73.5173060357664,0.002060625797718221,0.010348817648619469,0.009021700184583108,0.4747647088300205,0.5883757187091491,0.005220318369139771,0.010348817648619467,0.998,241,15,44.0,diag
GMM,"base_id=242,k=8,dimension=15,seed=42.0,covariance=diag",8,2500,8,0.00858027932161199,3.6385082727882936,74.36817534997611,0.0015560158590898863,0.007726263742145115,0.006334646380070651,0.43433606786750006,0.47966511114385435,0.0038944974149404204,0.007726263742145114,0.998,242,15,42.0,diag
GMM,"base_id=243,k=8,dimension=15,seed=43.0,covariance=diag",8,2500,8,-3.902292219912118e-06,3.263957800202938,81.12268862163306,0.0019431693620567733,0.009434974578877132,0.008107906645378048,0.4751535369451984,0.5355001927423201,0.004759415344172425,0.00943497457887713,0.9984,243,15,43.0,diag
GMM,"base_id=244,k=8,dimension=15,seed=44.0,covariance=diag",8,2500,8,0.015115831565968877,3.5403762856032586,80.34657387402278,0.0019042335862000821,0.009788122357251473,0.008395637768951554,0.4567264791081324,0.588224467296524,0.004935121672933812,0.009788122357251471,0.9984,244,15,44.0,diag
GMM,"base_id=245,k=2,dimension=15,seed=42.0,covariance=full",2,2500,2,0.11296985382990613,5.517143043912023,60.330332929100706,-0.0007928228967894504,0.00022759914108610147,-0.0005152914711148592,0.7493012247339121,0.005063190813950297,0.00011641612308838308,0.0002275991410861015,0.998,245,15,42.0,full
GMM,"base_id=246,k=2,dimension=15,seed=43.0,covariance=full",2,2500,2,0.15219280755728204,5.482311235690291,60.243089829743596,0.006769497084985151,0.008749336131697266,0.007951980660162722,0.7779297649913719,0.18147313532334922,0.004482730665049617,0.008749336131697266,0.998,246,15,43.0,full
GMM,"base_id=247,k=2,dimension=15,seed=44.0,covariance=full",2,2500,2,0.1963644308153423,2.3525277771789477,109.53470401340428,0.04098495826220003,0.034432629789423665,0.03312960625522102,0.9245841021625645,0.3510424854103074,0.01810420663218731,0.03443262978942367,0.998,247,15,44.0,full
GMM,"base_id=248,k=3,dimension=15,seed=42.0,covariance=full",3,2500,3,0.027675090234125337,4.969278914954587,63.41890515834048,0.004252293793858093,0.006871887848834455,0.00582518767244987,0.6982520820056798,0.21294757217811272,0.003492292637613443,0.006871887848834454,0.998,248,15,42.0,full
GMM,"base_id=249,k=3,dimension=15,seed=43.0,covariance=full",3,2500,3,-0.005850760763882953,4.60848121695857,65.04876413171495,0.0015186876671316367,0.005425399931344214,0.004528713455991541,0.5931121019447422,0.2037189320842245,0.002749309482830845,0.005425399931344214,0.998,249,15,43.0,full
GMM,"base_id=250,k=3,dimension=15,seed=44.0,covariance=full",3,2500,3,0.010413946373815893,5.463364508208144,55.677119512732745,0.002920820475673146,0.0072127662984288205,0.006295794104647429,0.6173197563608572,0.25795125297955074,0.0036575184421244397,0.00721276629842882,0.998,250,15,44.0,full
GMM,"base_id=251,k=4,dimension=15,seed=42.0,covariance=full",4,2500,4,0.025352508023091996,4.342856742107263,59.86402549216862,0.002565809883905065,0.005992274371142568,0.004825506314260703,0.6066399679185015,0.2489709135214475,0.003032632139112801,0.005992274371142567,0.998,251,15,42.0,full
GMM,"base_id=252,k=4,dimension=15,seed=43.0,covariance=full",4,2500,4,-0.004322573398122133,4.235365099162593,74.52554691611384,0.0011372197169576812,0.0049288918426813105,0.003852736670522195,0.5532589100563468,0.21713683677122345,0.002492737839435794,0.00492889184268131,0.998,252,15,43.0,full
GMM,"base_id=253,k=4,dimension=15,seed=44.0,covariance=full",4,2500,4,0.03262343703505752,4.238641663281701,76.72875677389644,0.003560048310508812,0.008640206186894896,0.007536258954139516,0.6051103607615884,0.3435653190571789,0.004375117253882977,0.008640206186894898,0.998,253,15,44.0,full
GMM,"base_id=254,k=5,dimension=15,seed=42.0,covariance=full",5,2500,5,0.03742517667727124,4.5821923201048715,66.83046124641483,0.0029399838589640446,0.006617230035768359,0.005302899292747878,0.5916947600444324,0.3040976010280828,0.0033450090809839417,0.006617230035768359,0.998,254,15,42.0,full
GMM,"base_id=255,k=5,dimension=15,seed=43.0,covariance=full",5,2500,5,0.0023985841291003208,3.980639249175919,67.29657268104759,0.0025912584323784077,0.008708838634665204,0.007514958617488296,0.5292226542389241,0.42373839972693317,0.004399630790533463,0.008708838634665204,0.998,255,15,43.0,full
GMM,"base_id=256,k=5,dimension=15,seed=44.0,covariance=full",5,2500,5,0.034439056470363924,4.235941984158731,75.64824072835188,0.0015440791736820278,0.005733337256307969,0.004510355926565125,0.5136945662621676,0.2908168619904203,0.002895207553332977,0.005733337256307968,0.998,256,15,44.0,full
GMM,"base_id=257,k=6,dimension=15,seed=42.0,covariance=full",6,2500,6,0.04548408076298567,4.52407080827278,62.657277549089976,0.0026792201463165088,0.0060077828568643,0.004573838351846529,0.5811371418885672,0.29824940315998066,0.00303445366682449,0.0060077828568643,0.998,257,15,42.0,full
GMM,"base_id=258,k=6,dimension=15,seed=43.0,covariance=full",6,2500,6,-0.005206852314805252,3.9889661778218706,58.79294118893177,0.002661561870366334,0.007333264571568927,0.0059441735855980445,0.5450867447988902,0.38224040378537294,0.003702145026843894,0.007333264571568926,0.998,258,15,43.0,full
GMM,"base_id=259,k=6,dimension=15,seed=44.0,covariance=full",6,2500,6,-0.020470024148661413,4.094704970155788,63.79975824024248,0.0015884797747918204,0.005928250129012109,0.00458409612583501,0.49194056439723766,0.3303221183639845,0.002990964297327216,0.005928250129012109,0.998,259,15,44.0,full
GMM,"base_id=260,k=7,dimension=15,seed=42.0,covariance=full",7,2500,7,0.031018891182404383,4.43998114205253,62.35820694411712,0.0012318426981330654,0.00560263110763657,0.004181016457268247,0.4539101303986792,0.34224812707109026,0.0028244336641254277,0.00560263110763657,0.998,260,15,42.0,full
GMM,"base_id=261,k=7,dimension=15,seed=43.0,covariance=full",7,2500,7,0.02435248765617325,3.4014541208902136,85.30293243291638,0.0023893185457286863,0.010311527454494183,0.008984685521005892,0.5019956488676277,0.5595186814412605,0.0052037140838849605,0.010311527454494181,0.9984,261,15,43.0,full
GMM,"base_id=262,k=7,dimension=15,seed=44.0,covariance=full",7,2500,7,-0.005194336657487137,3.787551925145595,85.52997416877183,0.0008887201185142103,0.007443487083638147,0.0061013362203225325,0.474484742681665,0.42593572213038317,0.003754550070483464,0.007443487083638146,0.9984,262,15,44.0,full
GMM,"base_id=263,k=8,dimension=15,seed=42.0,covariance=full",8,2500,8,0.02684359126465485,3.1832414577361177,79.4798546515123,0.0019450700850222062,0.008906713667417812,0.007519793058792609,0.4613316903412209,0.5302749837716528,0.004491073781952046,0.008906713667417812,0.998,263,15,42.0,full
GMM,"base_id=264,k=8,dimension=15,seed=43.0,covariance=full",8,2500,8,-0.010085470991038428,3.208985753689131,80.88466801614327,0.0017868573577750073,0.008629361083633491,0.007270109065628397,0.48423005113343326,0.49163162218115236,0.004352882513854299,0.008629361083633491,0.9984,264,15,43.0,full
GMM,"base_id=265,k=8,dimension=15,seed=44.0,covariance=full",8,2500,8,0.03710378830823873,3.2921316919646366,99.21044005047189,0.0017655057635636135,0.00860987086627385,0.007248810343893328,0.4849232077147696,0.48792739613623815,0.004343255549734766,0.00860987086627385,0.9984,265,15,44.0,full
GMM,"base_id=266,k=2,dimension=20,seed=42.0,covariance=diag",2,2500,2,0.34285211277169436,5.595123741103291,44.787640691627864,0.029089667092763505,0.025355421679743764,0.02416249813813885,0.9008543581997569,0.31124773609865275,0.013216024597256267,0.025355421679743764,0.998,266,20,42.0,diag
GMM,"base_id=267,k=2,dimension=20,seed=43.0,covariance=diag",2,2500,2,0.34189810630279727,5.606632245670555,44.66120776299365,0.028953665914417417,0.02525229753233779,0.024060909920002267,0.9005019647611892,0.3107245995991887,0.013160937297340188,0.025252297532337795,0.998,267,20,43.0,diag
GMM,"base_id=268,k=2,dimension=20,seed=44.0,covariance=diag",2,2500,2,0.3393087734977441,5.635776858004513,44.38885569411776,0.028551575240433114,0.024947507833880347,0.02376070499997228,0.8994461001564537,0.30916693212574664,0.012998183018140728,0.02494750783388035,0.998,268,20,44.0,diag
GMM,"base_id=269,k=3,dimension=20,seed=42.0,covariance=diag",3,2500,3,0.06521476624283454,5.807226475850214,48.56110024332003,0.006993302590514777,0.01504600965729932,0.01410550791004917,0.7012116934245631,0.43100551040854745,0.007656648133641413,0.01504600965729932,0.998,269,20,42.0,diag
GMM,"base_id=270,k=3,dimension=20,seed=43.0,covariance=diag",3,2500,3,0.12137500582365712,5.526950174399853,47.58841903892366,0.006964034828739165,0.008310669828278255,0.007231318508639693,0.7676732450961772,0.20347784025210405,0.004241962403691231,0.008310669828278255,0.998,270,20,43.0,diag
GMM,"base_id=271,k=3,dimension=20,seed=44.0,covariance=diag",3,2500,3,0.06521476624283454,5.807243195406478,48.55698857261932,0.006999311935208001,0.015050021379618925,0.014109230699708989,0.7013585843421566,0.4310055104085321,0.007658725904369184,0.015050021379618927,0.998,271,20,44.0,diag
GMM,"base_id=272,k=4,dimension=20,seed=42.0,covariance=diag",4,2500,4,-0.01221569867022698,5.215524862394866,46.929452099975215,0.003179421634756912,0.010183729136299212,0.009144095006041271,0.5617951470010444,0.4347871296748877,0.005152202875051678,0.01018372913629921,0.998,272,20,42.0,diag
GMM,"base_id=273,k=4,dimension=20,seed=43.0,covariance=diag",4,2500,4,-0.008638816448136563,5.257925957880245,47.88770775350414,0.003402404496872387,0.010427074626995046,0.009375712087354729,0.5731737083840831,0.43736677428137294,0.005276433918206401,0.010427074626995042,0.998,273,20,43.0,diag
GMM,"base_id=274,k=4,dimension=20,seed=44.0,covariance=diag",4,2500,4,0.003885272135492439,4.252095020159257,84.63629255691708,0.005740262024489351,0.016436562552343933,0.015485796369654213,0.6669458327056934,0.5221829703250112,0.008349691368291856,0.01643656255234393,0.9984,274,20,44.0,diag
GMM,"base_id=275,k=5,dimension=20,seed=42.0,covariance=diag",5,2500,5,0.005290094973002269,4.601519950427248,57.83884200832904,0.002771874408555713,0.009175326006672152,0.007991038724012724,0.5375509771911134,0.43736677428138643,0.0046362943981601585,0.009175326006672152,0.998,275,20,42.0,diag
GMM,"base_id=276,k=5,dimension=20,seed=43.0,covariance=diag",5,2500,5,-0.017837069671581905,5.313687807449066,47.17503601423204,0.0027641275024795123,0.012033896134778291,0.010896389043214412,0.5173987979865259,0.5859087996508162,0.00607937981901111,0.01203389613477829,0.998,276,20,43.0,diag
GMM,"base_id=277,k=5,dimension=20,seed=44.0,covariance=diag",5,2500,5,9.375556482812853e-06,4.25462297871327,77.19704368030743,0.0033541862919548443,0.01303850568222535,0.011983347141186537,0.5617848009394347,0.5609590778538956,0.006595907972452447,0.013038505682225348,0.9984,277,20,44.0,diag
GMM,"base_id=278,k=6,dimension=20,seed=42.0,covariance=diag",6,2500,6,0.010309613860944838,3.9401248066751706,81.1100533045175,0.0029338708750642683,0.01155658760711835,0.010352560108616016,0.5391584241107569,0.5546651104137805,0.0058391236108525065,0.011556587607118349,0.9984,278,20,42.0,diag
GMM,"base_id=279,k=6,dimension=20,seed=43.0,covariance=diag",6,2500,6,0.02876551370974733,4.681113907482403,59.78239897941945,0.0029045605245239313,0.011245705669123387,0.009962727322317573,0.5275981897174226,0.5714726233523819,0.005678727159597127,0.011245705669123385,0.998,279,20,43.0,diag
GMM,"base_id=280,k=6,dimension=20,seed=44.0,covariance=diag",6,2500,6,0.01968910861056125,3.78518776508268,84.99858258912573,0.0035081511340930775,0.012087293745761982,0.010853375579615503,0.5726959934149708,0.5481886947038809,0.0061110193734142245,0.012087293745761982,0.9984,280,20,44.0,diag
GMM,"base_id=281,k=7,dimension=20,seed=42.0,covariance=diag",7,2500,7,-0.004949010339799025,3.611738166069547,81.07387634124501,0.002133131080387288,0.009934486174578275,0.008618998406292686,0.4846408576539662,0.5526686914436176,0.0050122922723191705,0.009934486174578273,0.9984,281,20,42.0,diag
GMM,"base_id=282,k=7,dimension=20,seed=43.0,covariance=diag",7,2500,7,0.012023299704277922,3.7123752408947803,78.46997976003853,0.0025441756905473286,0.010591800243697228,0.009267611145046017,0.5116398724686028,0.5646731373967947,0.00534603901959359,0.010591800243697226,0.9984,282,20,43.0,diag
GMM,"base_id=283,k=7,dimension=20,seed=44.0,covariance=diag",7,2500,7,-0.0055240243293329825,3.6169841552776627,80.80433552739079,0.002138732985973244,0.009938259538177258,0.00862226077618303,0.4850790316875152,0.5526686914436176,0.005014213337508054,0.009938259538177258,0.9984,283,20,44.0,diag
GMM,"base_id=284,k=8,dimension=20,seed=42.0,covariance=diag",8,2500,8,0.010484811883692189,3.518343495365397,81.0612990715802,0.0017180351510770599,0.008972219915114547,0.0075720946407296106,0.45232461724175765,0.544531864606038,0.004523375656580116,0.008972219915114547,0.9984,284,20,42.0,diag
GMM,"base_id=285,k=8,dimension=20,seed=43.0,covariance=diag",8,2500,8,0.0010794818554318584,4.1540314216157075,75.86015752822608,0.0018095197669894315,0.010280616370366173,0.008902646133424579,0.4412201096240872,0.6290570418336341,0.0051826580162000375,0.010280616370366173,0.9984,285,20,43.0,diag
GMM,"base_id=286,k=8,dimension=20,seed=44.0,covariance=diag",8,2500,8,0.0012009796993085761,3.3288358641195925,78.39352471791035,0.0022016082378450404,0.009963272324728194,0.008659669459753558,0.4935632799616559,0.5410290644576293,0.005027931877153917,0.009963272324728194,0.9984,286,20,44.0,diag
GMM,"base_id=287,k=2,dimension=20,seed=42.0,covariance=full",2,2500,2,0.19257749953177744,5.277032961949459,61.13093089913345,0.01045752551564598,0.01143390814204139,0.010546198278652384,0.8134185881248659,0.21268989944072017,0.005874866322748959,0.011433908142041392,0.998,287,20,42.0,full
GMM,"base_id=288,k=2,dimension=20,seed=43.0,covariance=full",2,2500,2,0.13373665514577873,5.714489263629166,57.43260424840656,0.005215191484795668,0.007628460611543093,0.006871480499178215,0.7599396050950304,0.16593526977773093,0.0039039679047460614,0.007628460611543093,0.998,288,20,43.0,full
GMM,"base_id=289,k=2,dimension=20,seed=44.0,covariance=full",2,2500,2,0.07370597528103258,5.420709979532253,63.5653653913255,-0.001480360999409075,0.002861089145550297,0.002172205027374657,0.7234402020604241,0.06752320756229699,0.00146150803652635,0.002861089145550297,0.998,289,20,44.0,full
GMM,"base_id=290,k=3,dimension=20,seed=42.0,covariance=full",3,2500,3,0.08699219413415457,3.5924589919197043,113.77802625562303,0.002696850705583505,0.014675174985565606,0.01393819476429722,0.7375651666935279,0.3401884822886267,0.0074993421735003235,0.014675174985565606,0.9984,290,20,42.0,full
GMM,"base_id=291,k=3,dimension=20,seed=43.0,covariance=full",3,2500,3,0.06569843290718137,4.9122950512959065,51.47280149004567,0.0030887268824240656,0.006886694436823056,0.005934826780524672,0.6367663012593962,0.24053710755345603,0.003493355451651354,0.006886694436823055,0.998,291,20,43.0,full
GMM,"base_id=292,k=3,dimension=20,seed=44.0,covariance=full",3,2500,3,0.08699219413415457,3.5924589919197043,113.77802625562303,0.002696850705583505,0.014675174985565606,0.01393819476429722,0.7375651666935279,0.3401884822886267,0.0074993421735003235,0.014675174985565606,0.9984,292,20,44.0,full
GMM,"base_id=293,k=4,dimension=20,seed=42.0,covariance=full",4,2500,4,0.0754906891593572,3.6159266587985,101.0869614987405,0.005258952674317244,0.013561989174242403,0.012515165109034505,0.6901790241011613,0.4315669027341378,0.006889241792851607,0.013561989174242403,0.9984,293,20,42.0,full
GMM,"base_id=294,k=4,dimension=20,seed=43.0,covariance=full",4,2500,4,0.037178889207817006,4.220344351011346,61.52016851335734,0.003679157630665968,0.008077760725244045,0.007061475706855135,0.6324303475508093,0.2894665596945595,0.004096031633380886,0.008077760725244043,0.998,294,20,43.0,full
GMM,"base_id=295,k=4,dimension=20,seed=44.0,covariance=full",4,2500,4,0.006613613621831522,4.125850245275845,92.96169824739137,0.0034797193572121223,0.012419927327680056,0.011494586401238256,0.6116661489941225,0.4527555622271236,0.006296323598481167,0.012419927327680056,0.9984,295,20,44.0,full
GMM,"base_id=296,k=5,dimension=20,seed=42.0,covariance=full",5,2500,5,0.08027526706870737,3.711868750596905,102.99005952545357,0.0026040221901899793,0.010118752516335828,0.008979982021234028,0.5956327095778688,0.42297990750108627,0.0051206254340473226,0.010118752516335828,0.9984,296,20,42.0,full
GMM,"base_id=297,k=5,dimension=20,seed=43.0,covariance=full",5,2500,5,-0.00807443976988848,4.674664675658924,50.832341950935565,0.0026076566496491213,0.007192978616432144,0.006030708584410151,0.5654133373941729,0.3215819133838717,0.0036371664410806115,0.007192978616432144,0.998,297,20,43.0,full
GMM,"base_id=298,k=5,dimension=20,seed=44.0,covariance=full",5,2500,5,-0.002180746002543585,3.8708263549538287,88.55476787957153,0.001832295402089295,0.009457475642918663,0.00836798870085065,0.5316319319483072,0.4396095275299732,0.004780156421483231,0.009457475642918663,0.9984,298,20,44.0,full
GMM,"base_id=299,k=6,dimension=20,seed=42.0,covariance=full",6,2500,6,0.02221037656143065,3.5555343489149123,96.62293576212952,0.001330445817242798,0.008388206697670098,0.007171247823628815,0.4923849947073748,0.4408002120456756,0.004234392530663522,0.008388206697670096,0.9984,299,20,42.0,full
GMM,"base_id=300,k=6,dimension=20,seed=43.0,covariance=full",6,2500,6,0.05061765123132746,4.088357100687244,74.01805144386536,0.0032537208898714234,0.007295888765186456,0.005962460149954985,0.5936899449529914,0.3352191406210715,0.003688079045584045,0.007295888765186456,0.998,300,20,43.0,full
GMM,"base_id=301,k=6,dimension=20,seed=44.0,covariance=full",6,2500,6,0.025548481273906597,3.486815037053518,97.53003576015139,0.0013972043060149944,0.008468223327126224,0.007250167744364042,0.4939363823398026,0.44412071985474816,0.004274866942868476,0.008468223327126224,0.9984,301,20,44.0,full
GMM,"base_id=302,k=7,dimension=20,seed=42.0,covariance=full",7,2500,7,0.024631781437515494,3.2591685593111106,94.81438912974046,0.0013129763462645808,0.008304569220034917,0.007067360390058081,0.4905151890116507,0.44114356197705035,0.004191739556547447,0.008304569220034915,0.9984,302,20,42.0,full
GMM,"base_id=303,k=7,dimension=20,seed=43.0,covariance=full",7,2500,7,0.034141902599309513,3.3786286571809225,101.00358144681755,0.0008240878785392153,0.007848548326190117,0.006593609201086136,0.5200594260568631,0.3976631409187143,0.003963386196494325,0.007848548326190117,0.9984,303,20,43.0,full
GMM,"base_id=304,k=7,dimension=20,seed=44.0,covariance=full",7,2500,7,0.03275749055053579,3.6272203659516546,86.11435412368164,0.0023352659007244586,0.010596678665430617,0.00928124070845372,0.49301623852494303,0.5814498861479382,0.005347063318339878,0.010596678665430617,0.9984,304,20,44.0,full
GMM,"base_id=305,k=8,dimension=20,seed=42.0,covariance=full",8,2500,8,0.021687516935174074,3.579765406876338,84.05373162901353,0.0009150977039967652,0.007278528194130318,0.0058610281646036344,0.4327276920163245,0.45827543947687516,0.0036683956177962643,0.007278528194130318,0.9984,305,20,42.0,full
GMM,"base_id=306,k=8,dimension=20,seed=43.0,covariance=full",8,2500,8,0.023901208255676917,3.15477448140556,99.37795022966603,0.0005915142908847617,0.007206570416420597,0.005873634480654439,0.4672494415613017,0.4139471978041044,0.0036349261413231365,0.007206570416420596,0.9984,306,20,43.0,full
GMM,"base_id=307,k=8,dimension=20,seed=44.0,covariance=full",8,2500,8,0.014165673549083423,3.058110693199951,88.16974957547399,0.0019100893955190388,0.008615267553131802,0.007257572743762461,0.510169407712602,0.4686156544933353,0.004347597998429581,0.008615267553131802,0.9984,307,20,44.0,full
Hierarchical-Ward,"base_id=308,k=2,dimension=5,seed=nan,covariance=None",2,2500,2,0.8264262802538963,0.35393394286155666,153.01838364327142,0.4984469116037456,0.3709361204065082,0.3702454332044394,0.998397116931514,0.30463533358162126,0.4741245040436679,0.3709361204065082,0.9984,308,5,,
Hierarchical-Ward,"base_id=309,k=3,dimension=5,seed=nan,covariance=None",3,2500,3,0.14504133432214383,1.5459941715856147,137.68054545191075,0.016232594097050978,0.030304444237411472,0.028937032746699475,0.9238884941990967,0.3113666150109465,0.01592730206297474,0.03030444423741147,0.9984,309,5,,
Hierarchical-Ward,"base_id=310,k=4,dimension=5,seed=nan,covariance=None",4,2500,4,0.05063191464049284,2.890962885236831,121.6850326124795,0.0016748349868628066,0.011142036328005263,0.010177382007644615,0.6671544553925806,0.3543626324476118,0.00566000035885096,0.011142036328005263,0.9984,310,5,,
Hierarchical-Ward,"base_id=311,k=5,dimension=5,seed=nan,covariance=None",5,2500,5,0.036686861531078294,3.0987951449108606,106.95466985806243,0.0021453954121937757,0.009897003646036155,0.00881232299077241,0.5533522332647542,0.4384356476946009,0.005004991780161276,0.009897003646036153,0.9984,311,5,,
Hierarchical-Ward,"base_id=312,k=6,dimension=5,seed=nan,covariance=None",6,2500,6,0.026857688886537674,3.377567046134544,94.14452586342368,0.0012405963055395638,0.008253048637248827,0.0070326725869830535,0.4878022184030214,0.43843564769464705,0.004165731883088713,0.008253048637248827,0.9984,312,5,,
Hierarchical-Ward,"base_id=313,k=7,dimension=5,seed=nan,covariance=None",7,2500,7,0.032574866934193196,3.4700599176914246,85.9670127771898,0.00132191454881294,0.008066927476025176,0.006753141149892126,0.47574871031713484,0.4547574999818564,0.004069558617401405,0.008066927476025176,0.9984,313,5,,
Hierarchical-Ward,"base_id=314,k=8,dimension=5,seed=nan,covariance=None",8,2500,8,0.023193999570020753,3.4222827921763606,77.47928057767582,0.001758235775573676,0.00877795976951765,0.007365313004982689,0.4621472550930706,0.5288217878176474,0.004425711271768622,0.00877795976951765,0.9984,314,5,,
Hierarchical-Ward,"base_id=315,k=2,dimension=10,seed=nan,covariance=None",2,2500,2,0.8264262802538963,0.35393394286155666,153.01838364327142,0.4984469116037456,0.3709361204065082,0.3702454332044394,0.998397116931514,0.30463533358162126,0.4741245040436679,0.3709361204065082,0.9984,315,10,,
Hierarchical-Ward,"base_id=316,k=3,dimension=10,seed=nan,covariance=None",3,2500,3,0.13704119055773348,1.5192336867948282,136.30102639521883,0.0166275708957584,0.030702200085969758,0.029326549676354435,0.9253533426808951,0.31122218059436774,0.01614758299796163,0.030702200085969755,0.9984,316,10,,
Hierarchical-Ward,"base_id=317,k=4,dimension=10,seed=nan,covariance=None",4,2500,4,0.04355528605644812,3.1590354920501467,115.75238777916849,0.0018512221638346024,0.011228079753385672,0.010279286473732208,0.6595859922827665,0.36085126992315525,0.005702762119383939,0.011228079753385673,0.9984,317,10,,
Hierarchical-Ward,"base_id=318,k=5,dimension=10,seed=nan,covariance=None",5,2500,5,0.04451746867579678,2.9393079990956226,109.49979328367027,0.0017383526473514885,0.01059666951211942,0.009552400538560449,0.6496047216248255,0.36304199019905753,0.005376805333413508,0.01059666951211942,0.9984,318,10,,
Hierarchical-Ward,"base_id=319,k=6,dimension=10,seed=nan,covariance=None",6,2500,6,0.02507689052466827,2.901074990269556,98.257038322889,0.0005637754484029573,0.008316637071721965,0.0071124252719158305,0.5851575867575094,0.3630419901990729,0.004206500201428404,0.008316637071721963,0.9984,319,10,,
Hierarchical-Ward,"base_id=320,k=7,dimension=10,seed=nan,covariance=None",7,2500,7,0.030411953355890163,3.1582688202034035,90.79465059987112,0.0007349456478564733,0.007565703956341514,0.006301053825443982,0.4695163960370992,0.4202592625408759,0.00381721159308728,0.007565703956341513,0.9984,320,10,,
Hierarchical-Ward,"base_id=321,k=8,dimension=10,seed=nan,covariance=None",8,2500,8,0.026359043273982342,2.9709709874407917,86.05409775760283,0.000685155313555507,0.007325509869728759,0.005999815285730167,0.4647191792805153,0.42025926254085766,0.0036949582142196675,0.007325509869728759,0.9984,321,10,,
